id,team_api_id,team_long_name,date,buildUpPlaySpeed,buildUpPlayPassing,chanceCreationPassing,chanceCreationCrossing,chanceCreationShooting,defencePressure,defenceAggression
1,9987,KRC Genk,2010-02-22 00:00:00,45,45,50,35,60,70,65
1,9987,KRC Genk,2011-02-22 00:00:00,66,52,65,66,51,48,47
1,9987,KRC Genk,2012-02-22 00:00:00,53,55,55,48,56,47,45
1,9987,KRC Genk,2013-09-20 00:00:00,58,38,67,48,56,47,45
1,9987,KRC Genk,2014-09-19 00:00:00,58,38,67,48,56,47,45
1,9987,KRC Genk,2015-09-10 00:00:00,58,38,30,69,56,36,57
2,9993,Beerschot AC,2010-02-22 00:00:00,35,35,45,40,50,70,70
2,9993,Beerschot AC,2011-02-22 00:00:00,47,37,54,64,67,33,34
2,9993,Beerschot AC,2012-02-22 00:00:00,55,55,47,46,49,45,46
2,9993,Beerschot AC,2013-09-20 00:00:00,47,39,38,64,49,45,46
3,10000,SV Zulte-Waregem,2010-02-22 00:00:00,65,60,60,40,50,70,60
3,10000,SV Zulte-Waregem,2011-02-22 00:00:00,52,52,52,48,53,46,48
3,10000,SV Zulte-Waregem,2012-02-22 00:00:00,54,51,47,52,50,44,55
3,10000,SV Zulte-Waregem,2013-09-20 00:00:00,54,51,47,52,32,44,58
3,10000,SV Zulte-Waregem,2014-09-19 00:00:00,54,51,47,52,32,44,58
3,10000,SV Zulte-Waregem,2015-09-10 00:00:00,54,51,47,52,32,44,58
4,9994,Sporting Lokeren,2010-02-22 00:00:00,60,60,50,40,50,65,65
4,9994,Sporting Lokeren,2011-02-22 00:00:00,66,53,48,46,52,48,58
4,9994,Sporting Lokeren,2012-02-22 00:00:00,67,52,51,50,50,45,52
4,9994,Sporting Lokeren,2013-09-20 00:00:00,67,52,31,50,50,45,52
4,9994,Sporting Lokeren,2014-09-19 00:00:00,62,52,42,50,62,45,52
4,9994,Sporting Lokeren,2015-09-10 00:00:00,62,52,42,50,62,45,52
5,9984,KSV Cercle Brugge,2010-02-22 00:00:00,45,35,70,45,55,65,60
5,9984,KSV Cercle Brugge,2011-02-22 00:00:00,50,50,70,65,65,60,50
5,9984,KSV Cercle Brugge,2012-02-22 00:00:00,68,54,55,68,42,59,47
5,9984,KSV Cercle Brugge,2013-09-20 00:00:00,53,40,55,68,42,59,47
5,9984,KSV Cercle Brugge,2014-09-19 00:00:00,53,43,52,58,42,59,47
5,9984,KSV Cercle Brugge,2015-09-10 00:00:00,53,43,52,58,42,59,47
6,8635,RSC Anderlecht,2010-02-22 00:00:00,50,35,70,50,60,70,50
6,8635,RSC Anderlecht,2011-02-22 00:00:00,50,52,70,50,60,70,50
6,8635,RSC Anderlecht,2012-02-22 00:00:00,52,41,53,57,47,45,43
6,8635,RSC Anderlecht,2013-09-20 00:00:00,52,41,68,67,47,60,43
6,8635,RSC Anderlecht,2014-09-19 00:00:00,52,51,60,53,47,60,50
6,8635,RSC Anderlecht,2015-09-10 00:00:00,52,51,60,53,47,53,50
7,9991,KAA Gent,2010-02-22 00:00:00,70,65,60,50,60,45,50
7,9991,KAA Gent,2011-02-22 00:00:00,55,55,54,74,56,61,39
7,9991,KAA Gent,2012-02-22 00:00:00,50,47,55,66,47,48,45
7,9991,KAA Gent,2013-09-20 00:00:00,50,37,28,66,34,50,53
7,9991,KAA Gent,2014-09-19 00:00:00,50,37,28,66,34,55,59
7,9991,KAA Gent,2015-09-10 00:00:00,50,37,42,66,34,49,54
8,9998,RAEC Mons,2012-02-22 00:00:00,50,50,55,48,46,46,45
8,9998,RAEC Mons,2013-09-20 00:00:00,50,50,55,67,46,46,45
8,9998,RAEC Mons,2014-09-19 00:00:00,55,55,55,67,46,46,45
10,9985,Standard de Liège,2010-02-22 00:00:00,53,40,55,55,65,70,70
10,9985,Standard de Liège,2011-02-22 00:00:00,68,66,53,66,63,59,47
10,9985,Standard de Liège,2012-02-22 00:00:00,75,70,55,58,60,45,60
10,9985,Standard de Liège,2013-09-20 00:00:00,54,62,55,58,60,45,60
10,9985,Standard de Liège,2014-09-19 00:00:00,54,62,55,58,60,45,54
10,9985,Standard de Liège,2015-09-10 00:00:00,54,62,55,58,60,45,54
11,8203,KV Mechelen,2010-02-22 00:00:00,65,60,50,40,50,60,70
11,8203,KV Mechelen,2011-02-22 00:00:00,67,57,47,47,52,48,61
11,8203,KV Mechelen,2012-02-22 00:00:00,52,54,47,53,50,52,60
11,8203,KV Mechelen,2013-09-20 00:00:00,52,33,47,53,50,42,60
11,8203,KV Mechelen,2014-09-19 00:00:00,52,40,47,53,50,42,51
11,8203,KV Mechelen,2015-09-10 00:00:00,52,40,47,53,50,42,51
12,8342,Club Brugge KV,2010-02-22 00:00:00,35,40,45,50,45,60,70
12,8342,Club Brugge KV,2011-02-22 00:00:00,67,47,68,49,53,57,44
12,8342,Club Brugge KV,2012-02-22 00:00:00,64,54,48,61,47,60,50
12,8342,Club Brugge KV,2013-09-20 00:00:00,45,48,48,61,47,43,59
12,8342,Club Brugge KV,2014-09-19 00:00:00,42,45,42,57,47,51,50
12,8342,Club Brugge KV,2015-09-10 00:00:00,42,45,42,57,47,51,50
13,9999,KSV Roeselare,2010-02-22 00:00:00,65,60,50,35,40,65,70
14,8571,KV Kortrijk,2010-02-22 00:00:00,50,60,50,50,50,60,60
14,8571,KV Kortrijk,2011-02-22 00:00:00,38,65,38,69,52,34,57
14,8571,KV Kortrijk,2012-02-22 00:00:00,31,47,37,67,50,46,45
14,8571,KV Kortrijk,2013-09-20 00:00:00,42,40,37,67,30,46,45
14,8571,KV Kortrijk,2014-09-19 00:00:00,42,47,37,67,30,46,45
14,8571,KV Kortrijk,2015-09-10 00:00:00,42,47,37,67,30,46,45
16,9996,Royal Excel Mouscron,2015-09-10 00:00:00,50,50,50,50,50,45,45
16,9996,Royal Excel Mouscron,2015-09-10 00:00:00,50,50,50,50,50,45,45
17,10001,KVC Westerlo,2010-02-22 00:00:00,45,60,40,45,55,70,70
17,10001,KVC Westerlo,2011-02-22 00:00:00,34,52,66,48,53,48,59
17,10001,KVC Westerlo,2012-02-22 00:00:00,52,50,59,60,32,48,45
17,10001,KVC Westerlo,2015-09-10 00:00:00,52,50,57,55,32,48,45
18,9986,Sporting Charleroi,2010-02-22 00:00:00,40,50,45,43,60,70,70
18,9986,Sporting Charleroi,2011-02-22 00:00:00,47,36,34,33,53,49,58
18,9986,Sporting Charleroi,2013-09-20 00:00:00,60,53,48,50,48,42,48
18,9986,Sporting Charleroi,2014-09-19 00:00:00,60,53,48,50,48,42,48
18,9986,Sporting Charleroi,2015-09-10 00:00:00,60,53,48,50,48,39,48
614,9997,Sint-Truidense VV,2010-02-22 00:00:00,50,50,50,50,50,50,50
614,9997,Sint-Truidense VV,2011-02-22 00:00:00,53,53,48,52,53,46,46
614,9997,Sint-Truidense VV,2012-02-22 00:00:00,52,55,52,55,47,32,40
1034,9989,Lierse SK,2011-02-22 00:00:00,48,65,55,45,50,46,48
1034,9989,Lierse SK,2012-02-22 00:00:00,69,58,56,52,61,45,49
1034,9989,Lierse SK,2013-09-20 00:00:00,69,58,56,52,61,38,49
1034,9989,Lierse SK,2014-09-19 00:00:00,69,58,56,52,61,38,49
1034,9989,Lierse SK,2015-09-10 00:00:00,69,58,56,52,61,38,49
1042,6351,KAS Eupen,2011-02-22 00:00:00,50,55,50,55,55,50,50
1513,1773,Oud-Heverlee Leuven,2012-02-22 00:00:00,52,50,50,53,54,43,44
1513,1773,Oud-Heverlee Leuven,2013-09-20 00:00:00,52,50,50,53,54,43,44
1513,1773,Oud-Heverlee Leuven,2014-09-19 00:00:00,52,50,50,53,54,43,44
2004,8475,Waasland-Beveren,2013-09-20 00:00:00,62,53,50,30,54,30,49
2004,8475,Waasland-Beveren,2014-09-19 00:00:00,38,39,29,30,39,25,37
2004,8475,Waasland-Beveren,2015-09-10 00:00:00,38,49,45,42,53,27,32
2476,8573,KV Oostende,2014-09-19 00:00:00,52,54,45,42,53,42,47
2476,8573,KV Oostende,2015-09-10 00:00:00,52,54,45,42,53,42,47
2510,274581,Royal Excel Mouscron,2015-09-10 00:00:00,50,50,50,50,50,45,45
3457,10260,Manchester United,2010-02-22 00:00:00,70,45,45,70,65,40,50
3457,10260,Manchester United,2011-02-22 00:00:00,65,40,65,65,70,45,45
3457,10260,Manchester United,2012-02-22 00:00:00,46,54,46,60,55,40,50
3457,10260,Manchester United,2013-09-20 00:00:00,46,38,46,68,37,49,49
3457,10260,Manchester United,2014-09-19 00:00:00,46,54,49,72,56,42,41
3457,10260,Manchester United,2015-09-10 00:00:00,38,44,49,44,40,54,53
3458,10261,Newcastle United,2010-02-22 00:00:00,70,60,65,70,60,45,65
3458,10261,Newcastle United,2011-02-22 00:00:00,55,50,60,50,60,45,45
3458,10261,Newcastle United,2012-02-22 00:00:00,54,54,54,68,48,52,48
3458,10261,Newcastle United,2013-09-20 00:00:00,58,72,48,51,46,41,39
3458,10261,Newcastle United,2014-09-19 00:00:00,54,47,47,51,39,56,54
3458,10261,Newcastle United,2015-09-10 00:00:00,58,49,47,54,46,41,39
3459,9825,Arsenal,2010-02-22 00:00:00,66,30,30,45,35,30,40
3459,9825,Arsenal,2011-02-22 00:00:00,75,40,40,45,65,50,40
3459,9825,Arsenal,2012-02-22 00:00:00,25,32,41,34,30,57,57
3459,9825,Arsenal,2013-09-20 00:00:00,30,29,41,55,39,64,54
3459,9825,Arsenal,2014-09-19 00:00:00,59,26,28,55,64,51,44
3459,9825,Arsenal,2015-09-10 00:00:00,59,30,28,44,46,51,44
3460,8659,West Bromwich Albion,2010-02-22 00:00:00,65,40,70,70,55,70,70
3460,8659,West Bromwich Albion,2011-02-22 00:00:00,60,65,40,50,45,35,55
3460,8659,West Bromwich Albion,2012-02-22 00:00:00,48,48,45,60,54,38,38
3460,8659,West Bromwich Albion,2013-09-20 00:00:00,55,54,57,53,57,33,31
3460,8659,West Bromwich Albion,2014-09-19 00:00:00,55,51,53,53,57,41,40
3460,8659,West Bromwich Albion,2015-09-10 00:00:00,62,51,53,50,60,41,40
3461,8472,Sunderland,2010-02-22 00:00:00,60,70,70,70,55,35,70
3461,8472,Sunderland,2011-02-22 00:00:00,55,55,55,65,55,45,55
3461,8472,Sunderland,2012-02-22 00:00:00,67,62,44,72,59,47,53
3461,8472,Sunderland,2013-09-20 00:00:00,57,66,56,31,72,47,52
3461,8472,Sunderland,2014-09-19 00:00:00,60,61,56,44,58,41,38
3461,8472,Sunderland,2015-09-10 00:00:00,43,51,59,50,55,47,45
3462,8650,Liverpool,2010-02-22 00:00:00,50,35,50,60,70,40,60
3462,8650,Liverpool,2011-02-22 00:00:00,60,50,40,45,60,55,55
3462,8650,Liverpool,2012-02-22 00:00:00,60,60,48,73,53,50,48
3462,8650,Liverpool,2013-09-20 00:00:00,39,44,42,34,54,59,52
3462,8650,Liverpool,2014-09-19 00:00:00,71,32,34,41,61,51,48
3462,8650,Liverpool,2015-09-10 00:00:00,66,45,34,34,46,51,52
3463,8654,West Ham United,2010-02-22 00:00:00,58,30,31,70,50,30,70
3463,8654,West Ham United,2011-02-22 00:00:00,35,35,30,45,45,45,45
3463,8654,West Ham United,2012-02-22 00:00:00,63,64,44,60,55,30,34
3463,8654,West Ham United,2013-09-20 00:00:00,72,73,61,74,32,30,37
3463,8654,West Ham United,2014-09-19 00:00:00,72,73,68,71,32,30,34
3463,8654,West Ham United,2015-09-10 00:00:00,77,57,68,73,29,30,37
3464,8528,Wigan Athletic,2010-02-22 00:00:00,70,70,70,70,50,35,70
3464,8528,Wigan Athletic,2011-02-22 00:00:00,35,50,45,65,50,45,55
3464,8528,Wigan Athletic,2012-02-22 00:00:00,38,38,54,42,42,40,42
3464,8528,Wigan Athletic,2013-09-20 00:00:00,38,39,43,42,34,56,52
3464,8528,Wigan Athletic,2014-09-19 00:00:00,51,51,52,55,57,62,57
3464,8528,Wigan Athletic,2015-09-10 00:00:00,51,56,52,59,40,62,48
3465,10252,Aston Villa,2010-02-22 00:00:00,70,59,65,70,50,30,70
3465,10252,Aston Villa,2011-02-22 00:00:00,65,50,45,55,50,35,45
3465,10252,Aston Villa,2012-02-22 00:00:00,67,58,44,60,56,43,50
3465,10252,Aston Villa,2013-09-20 00:00:00,63,59,52,55,34,39,41
3465,10252,Aston Villa,2014-09-19 00:00:00,66,72,63,48,56,39,42
3465,10252,Aston Villa,2015-09-10 00:00:00,63,54,60,48,38,35,44
3466,8456,Manchester City,2010-02-22 00:00:00,70,60,55,70,70,45,55
3466,8456,Manchester City,2011-02-22 00:00:00,70,60,70,65,75,65,65
3466,8456,Manchester City,2012-02-22 00:00:00,45,55,40,38,48,50,60
3466,8456,Manchester City,2013-09-20 00:00:00,36,34,39,44,38,42,44
3466,8456,Manchester City,2014-09-19 00:00:00,59,29,32,49,62,42,44
3466,8456,Manchester City,2015-09-10 00:00:00,59,29,38,36,24,48,47
3467,8668,Everton,2010-02-22 00:00:00,60,65,60,70,45,40,70
3467,8668,Everton,2011-02-22 00:00:00,60,50,55,70,55,55,65
3467,8668,Everton,2012-02-22 00:00:00,56,56,48,57,56,50,50
3467,8668,Everton,2013-09-20 00:00:00,58,62,48,59,32,41,44
3467,8668,Everton,2014-09-19 00:00:00,61,42,39,59,48,52,58
3467,8668,Everton,2015-09-10 00:00:00,43,40,39,33,63,52,58
3468,8655,Blackburn Rovers,2010-02-22 00:00:00,55,70,60,70,55,45,70
3468,8655,Blackburn Rovers,2011-02-22 00:00:00,55,65,50,50,35,45,60
3468,8655,Blackburn Rovers,2012-02-22 00:00:00,57,57,55,45,40,42,50
3468,8655,Blackburn Rovers,2013-09-20 00:00:00,44,64,55,52,40,42,50
3468,8655,Blackburn Rovers,2014-09-19 00:00:00,44,62,63,61,40,50,50
3468,8655,Blackburn Rovers,2015-09-10 00:00:00,60,65,59,58,42,50,50
3469,8549,Middlesbrough,2010-02-22 00:00:00,70,70,70,70,50,30,70
3469,8549,Middlesbrough,2011-02-22 00:00:00,66,51,64,64,48,54,44
3469,8549,Middlesbrough,2012-02-22 00:00:00,60,72,40,56,72,38,42
3469,8549,Middlesbrough,2013-09-20 00:00:00,60,40,40,56,57,38,42
3469,8549,Middlesbrough,2014-09-19 00:00:00,60,56,49,56,72,38,42
3469,8549,Middlesbrough,2015-09-10 00:00:00,60,46,43,55,37,38,42
3470,8586,Tottenham Hotspur,2010-02-22 00:00:00,70,50,50,65,50,50,50
3470,8586,Tottenham Hotspur,2011-02-22 00:00:00,60,55,70,70,70,30,40
3470,8586,Tottenham Hotspur,2012-02-22 00:00:00,44,47,52,63,61,43,44
3470,8586,Tottenham Hotspur,2013-09-20 00:00:00,42,46,45,58,68,63,61
3470,8586,Tottenham Hotspur,2014-09-19 00:00:00,41,38,41,59,62,58,51
3470,8586,Tottenham Hotspur,2015-09-10 00:00:00,47,40,41,41,63,63,54
3471,8559,Bolton Wanderers,2010-02-22 00:00:00,55,70,70,70,45,35,70
3471,8559,Bolton Wanderers,2011-02-22 00:00:00,45,70,55,70,50,40,55
3471,8559,Bolton Wanderers,2012-02-22 00:00:00,57,56,45,54,54,48,48
3471,8559,Bolton Wanderers,2013-09-20 00:00:00,57,53,42,38,54,39,48
3471,8559,Bolton Wanderers,2014-09-19 00:00:00,57,73,72,43,56,39,48
3471,8559,Bolton Wanderers,2015-09-10 00:00:00,57,61,72,60,38,39,48
3472,10194,Stoke City,2010-02-22 00:00:00,65,70,70,70,55,35,70
3472,10194,Stoke City,2011-02-22 00:00:00,50,80,30,70,35,25,65
3472,10194,Stoke City,2012-02-22 00:00:00,75,75,40,72,55,50,58
3472,10194,Stoke City,2013-09-20 00:00:00,75,73,59,61,38,32,37
3472,10194,Stoke City,2014-09-19 00:00:00,48,55,51,57,37,38,40
3472,10194,Stoke City,2015-09-10 00:00:00,48,49,51,59,49,44,37
3473,8667,Hull City,2010-02-22 00:00:00,65,60,70,70,55,70,70
3473,8667,Hull City,2011-02-22 00:00:00,49,52,64,64,37,46,46
3473,8667,Hull City,2012-02-22 00:00:00,61,48,38,60,54,38,42
3473,8667,Hull City,2013-09-20 00:00:00,63,48,38,60,54,34,37
3473,8667,Hull City,2014-09-19 00:00:00,56,51,54,60,48,38,37
3473,8667,Hull City,2015-09-10 00:00:00,56,55,54,49,56,38,37
3474,9879,Fulham,2010-02-22 00:00:00,60,70,70,70,50,40,35
3474,9879,Fulham,2011-02-22 00:00:00,50,55,45,55,40,45,35
3474,9879,Fulham,2012-02-22 00:00:00,48,45,38,62,54,38,38
3474,9879,Fulham,2013-09-20 00:00:00,52,49,49,56,59,39,39
3474,9879,Fulham,2014-09-19 00:00:00,52,56,58,41,54,29,28
3474,9879,Fulham,2015-09-10 00:00:00,52,48,39,54,59,29,30
3475,8455,Chelsea,2010-02-22 00:00:00,70,60,56,70,70,30,60
3475,8455,Chelsea,2011-02-22 00:00:00,60,50,60,60,80,35,55
3475,8455,Chelsea,2012-02-22 00:00:00,60,45,55,45,45,60,62
3475,8455,Chelsea,2013-09-20 00:00:00,46,41,46,61,63,42,43
3475,8455,Chelsea,2014-09-19 00:00:00,67,38,41,61,68,39,41
3475,8455,Chelsea,2015-09-10 00:00:00,67,36,41,34,44,39,41
3476,8462,Portsmouth,2010-02-22 00:00:00,70,70,70,70,55,40,70
3476,8462,Portsmouth,2011-02-22 00:00:00,36,48,48,66,51,36,44
3476,8462,Portsmouth,2012-02-22 00:00:00,64,59,40,42,56,49,51
3476,8462,Portsmouth,2013-09-20 00:00:00,68,62,40,47,56,49,51
3476,8462,Portsmouth,2014-09-19 00:00:00,59,57,49,47,53,39,40
3476,8462,Portsmouth,2015-09-10 00:00:00,59,57,49,47,53,39,40
4218,8658,Birmingham City,2010-02-22 00:00:00,70,70,70,70,70,70,70
4218,8658,Birmingham City,2011-02-22 00:00:00,45,60,35,50,40,30,60
4218,8658,Birmingham City,2012-02-22 00:00:00,51,55,41,62,56,42,48
4218,8658,Birmingham City,2013-09-20 00:00:00,56,57,45,71,41,42,44
4218,8658,Birmingham City,2014-09-19 00:00:00,56,79,77,71,56,42,48
4218,8658,Birmingham City,2015-09-10 00:00:00,56,75,77,62,64,42,47
4225,8602,Wolverhampton Wanderers,2010-02-22 00:00:00,70,70,70,70,70,70,70
4225,8602,Wolverhampton Wanderers,2011-02-22 00:00:00,55,55,60,60,45,45,45
4225,8602,Wolverhampton Wanderers,2012-02-22 00:00:00,67,68,42,68,56,48,60
4225,8602,Wolverhampton Wanderers,2013-09-20 00:00:00,63,61,42,73,56,42,48
4225,8602,Wolverhampton Wanderers,2014-09-19 00:00:00,47,58,55,64,56,47,48
4225,8602,Wolverhampton Wanderers,2015-09-10 00:00:00,46,54,55,47,48,47,48
4234,8191,Burnley,2010-02-22 00:00:00,70,65,70,70,70,65,70
4234,8191,Burnley,2011-02-22 00:00:00,36,52,49,68,55,24,56
4234,8191,Burnley,2012-02-22 00:00:00,48,44,56,58,48,52,50
4234,8191,Burnley,2013-09-20 00:00:00,54,55,56,59,48,48,50
4234,8191,Burnley,2014-09-19 00:00:00,48,74,72,59,58,54,57
4234,8191,Burnley,2015-09-10 00:00:00,54,67,72,57,47,63,62
4996,8483,Blackpool,2010-02-22 00:00:00,70,70,70,70,65,70,70
4996,8483,Blackpool,2011-02-22 00:00:00,70,30,65,30,65,45,50
4996,8483,Blackpool,2012-02-22 00:00:00,45,52,60,58,58,49,52
4996,8483,Blackpool,2013-09-20 00:00:00,45,52,60,58,58,49,52
4996,8483,Blackpool,2014-09-19 00:00:00,67,72,70,48,58,39,38
4996,8483,Blackpool,2015-09-10 00:00:00,62,64,59,43,64,39,38
5744,10003,Swansea City,2010-02-22 00:00:00,65,70,70,70,70,70,70
5744,10003,Swansea City,2011-02-22 00:00:00,66,34,52,51,64,44,47
5744,10003,Swansea City,2012-02-22 00:00:00,26,24,62,39,57,48,58
5744,10003,Swansea City,2013-09-20 00:00:00,41,39,36,42,44,52,58
5744,10003,Swansea City,2014-09-19 00:00:00,63,34,34,51,36,51,58
5744,10003,Swansea City,2015-09-10 00:00:00,45,42,34,36,55,31,47
5747,10172,Queens Park Rangers,2010-02-22 00:00:00,70,70,70,70,70,70,70
5747,10172,Queens Park Rangers,2011-02-22 00:00:00,51,49,36,48,52,44,43
5747,10172,Queens Park Rangers,2012-02-22 00:00:00,57,58,60,48,48,42,51
5747,10172,Queens Park Rangers,2013-09-20 00:00:00,58,54,53,39,54,49,47
5747,10172,Queens Park Rangers,2014-09-19 00:00:00,52,53,53,54,54,50,44
5747,10172,Queens Park Rangers,2015-09-10 00:00:00,30,61,53,53,60,50,44
5756,9850,Norwich City,2010-02-22 00:00:00,65,70,70,70,55,60,70
5756,9850,Norwich City,2011-02-22 00:00:00,49,52,48,64,66,34,54
5756,9850,Norwich City,2012-02-22 00:00:00,63,61,42,76,62,40,50
5756,9850,Norwich City,2013-09-20 00:00:00,70,70,56,67,48,40,43
5756,9850,Norwich City,2014-09-19 00:00:00,45,64,55,67,42,40,43
5756,9850,Norwich City,2015-09-10 00:00:00,45,55,46,54,47,38,39
6504,8466,Southampton,2010-02-22 00:00:00,70,55,70,70,65,70,70
6504,8466,Southampton,2011-02-22 00:00:00,52,37,48,49,47,43,43
6504,8466,Southampton,2012-02-22 00:00:00,47,52,54,56,60,48,52
6504,8466,Southampton,2013-09-20 00:00:00,47,38,52,56,58,57,63
6504,8466,Southampton,2014-09-19 00:00:00,47,40,42,56,51,62,64
6504,8466,Southampton,2015-09-10 00:00:00,52,46,42,54,30,50,65
6509,9798,Reading,2010-02-22 00:00:00,70,70,70,70,70,70,60
6509,9798,Reading,2011-02-22 00:00:00,49,36,57,73,55,49,31
6509,9798,Reading,2012-02-22 00:00:00,49,49,46,58,56,49,51
6509,9798,Reading,2013-09-20 00:00:00,49,61,55,58,37,39,44
6509,9798,Reading,2014-09-19 00:00:00,44,72,71,39,37,58,52
6509,9798,Reading,2015-09-10 00:00:00,44,64,62,65,42,51,47
7261,9826,Crystal Palace,2010-02-22 00:00:00,70,70,70,70,65,65,60
7261,9826,Crystal Palace,2011-02-22 00:00:00,53,54,69,48,52,48,43
7261,9826,Crystal Palace,2012-02-22 00:00:00,43,46,69,66,47,44,27
7261,9826,Crystal Palace,2013-09-20 00:00:00,52,47,69,66,47,36,33
7261,9826,Crystal Palace,2014-09-19 00:00:00,61,68,67,62,52,36,34
7261,9826,Crystal Palace,2015-09-10 00:00:00,61,67,67,69,50,36,34
7276,8344,Cardiff City,2010-02-22 00:00:00,65,70,70,70,70,70,70
7276,8344,Cardiff City,2011-02-22 00:00:00,67,49,67,67,48,46,47
7276,8344,Cardiff City,2012-02-22 00:00:00,60,64,54,46,54,47,43
7276,8344,Cardiff City,2013-09-20 00:00:00,60,69,54,59,62,47,43
7276,8344,Cardiff City,2014-09-19 00:00:00,60,54,52,46,41,33,41
7276,8344,Cardiff City,2015-09-10 00:00:00,60,67,52,56,46,33,41
8021,8197,Leicester City,2010-02-22 00:00:00,70,70,70,70,45,70,70
8021,8197,Leicester City,2011-02-22 00:00:00,36,52,36,52,52,51,34
8021,8197,Leicester City,2012-02-22 00:00:00,45,48,48,56,56,48,52
8021,8197,Leicester City,2013-09-20 00:00:00,45,48,48,56,56,48,52
8021,8197,Leicester City,2014-09-19 00:00:00,63,48,47,62,69,58,62
8021,8197,Leicester City,2015-09-10 00:00:00,63,60,47,64,46,58,65
8779,8678,Bournemouth,2010-02-22 00:00:00,70,70,70,70,60,70,70
8779,8678,Bournemouth,2011-02-22 00:00:00,51,66,68,33,47,27,46
8779,8678,Bournemouth,2012-02-22 00:00:00,46,46,54,60,52,48,50
8779,8678,Bournemouth,2013-09-20 00:00:00,39,38,54,43,52,48,50
8779,8678,Bournemouth,2014-09-19 00:00:00,47,48,46,48,41,48,50
8779,8678,Bournemouth,2015-09-10 00:00:00,47,47,49,45,47,48,50
8784,9817,Watford,2010-02-22 00:00:00,70,70,70,70,65,70,70
8784,9817,Watford,2011-02-22 00:00:00,64,53,67,67,48,44,47
8784,9817,Watford,2012-02-22 00:00:00,66,66,45,60,60,48,50
8784,9817,Watford,2013-09-20 00:00:00,67,45,45,38,53,38,52
8784,9817,Watford,2014-09-19 00:00:00,61,56,54,44,55,38,52
8784,9817,Watford,2015-09-10 00:00:00,61,52,54,42,45,38,52
9537,8583,AJ Auxerre,2010-02-22 00:00:00,30,70,35,65,35,30,55
9537,8583,AJ Auxerre,2011-02-22 00:00:00,35,65,35,65,50,35,45
9537,8583,AJ Auxerre,2012-02-22 00:00:00,64,49,51,63,50,34,45
9537,8583,AJ Auxerre,2013-09-20 00:00:00,64,49,51,63,50,34,45
9537,8583,AJ Auxerre,2014-09-19 00:00:00,64,49,51,63,50,34,45
9537,8583,AJ Auxerre,2015-09-10 00:00:00,64,49,51,63,50,34,45
9538,9830,FC Nantes,2010-02-22 00:00:00,55,35,60,65,35,30,45
9538,9830,FC Nantes,2011-02-22 00:00:00,50,50,35,50,35,45,55
9538,9830,FC Nantes,2012-02-22 00:00:00,46,51,52,34,49,47,43
9538,9830,FC Nantes,2013-09-20 00:00:00,46,51,52,44,49,47,51
9538,9830,FC Nantes,2014-09-19 00:00:00,63,48,52,55,49,47,51
9538,9830,FC Nantes,2015-09-10 00:00:00,63,56,52,55,46,39,41
9539,9827,Girondins de Bordeaux,2010-02-22 00:00:00,70,35,70,50,70,55,70
9539,9827,Girondins de Bordeaux,2011-02-22 00:00:00,50,35,50,65,65,55,45
9539,9827,Girondins de Bordeaux,2012-02-22 00:00:00,49,37,49,64,51,44,46
9539,9827,Girondins de Bordeaux,2013-09-20 00:00:00,49,37,49,64,51,44,46
9539,9827,Girondins de Bordeaux,2014-09-19 00:00:00,38,36,49,55,51,37,33
9539,9827,Girondins de Bordeaux,2015-09-10 00:00:00,51,48,49,63,44,57,52
9540,7819,SM Caen,2010-02-22 00:00:00,65,30,50,65,40,70,65
9540,7819,SM Caen,2011-02-22 00:00:00,65,35,35,65,65,55,45
9540,7819,SM Caen,2012-02-22 00:00:00,48,52,48,54,53,47,45
9540,7819,SM Caen,2013-09-20 00:00:00,48,52,48,54,53,47,45
9540,7819,SM Caen,2014-09-19 00:00:00,62,45,48,54,53,43,42
9540,7819,SM Caen,2015-09-10 00:00:00,62,45,48,54,53,43,42
9541,9746,Le Havre AC,2010-02-22 00:00:00,55,45,40,50,65,30,70
9541,9746,Le Havre AC,2011-02-22 00:00:00,50,50,65,50,65,45,45
9541,9746,Le Havre AC,2012-02-22 00:00:00,46,52,49,54,52,47,55
9541,9746,Le Havre AC,2013-09-20 00:00:00,46,52,49,54,52,47,55
9541,9746,Le Havre AC,2014-09-19 00:00:00,46,52,49,54,52,47,55
9541,9746,Le Havre AC,2015-09-10 00:00:00,46,52,49,54,52,47,55
9542,9831,OGC Nice,2010-02-22 00:00:00,70,70,60,30,65,70,70
9542,9831,OGC Nice,2011-02-22 00:00:00,50,50,50,50,65,45,45
9542,9831,OGC Nice,2012-02-22 00:00:00,48,66,49,51,34,26,47
9542,9831,OGC Nice,2013-09-20 00:00:00,48,66,49,66,34,56,47
9542,9831,OGC Nice,2014-09-19 00:00:00,48,66,49,66,34,56,47
9542,9831,OGC Nice,2015-09-10 00:00:00,48,53,49,66,38,57,47
9543,8682,Le Mans FC,2010-02-22 00:00:00,70,45,65,60,65,70,60
9543,8682,Le Mans FC,2011-02-22 00:00:00,65,50,65,65,65,60,55
9543,8682,Le Mans FC,2012-02-22 00:00:00,58,47,49,68,50,47,44
9543,8682,Le Mans FC,2013-09-20 00:00:00,58,47,49,68,50,47,44
9544,8689,FC Lorient,2010-02-22 00:00:00,45,70,30,50,40,70,60
9544,8689,FC Lorient,2011-02-22 00:00:00,35,35,80,50,50,55,35
9544,8689,FC Lorient,2012-02-22 00:00:00,60,42,48,53,64,43,47
9544,8689,FC Lorient,2013-09-20 00:00:00,60,42,48,53,64,43,47
9544,8689,FC Lorient,2014-09-19 00:00:00,60,42,48,53,64,43,47
9544,8689,FC Lorient,2015-09-10 00:00:00,57,50,48,53,46,51,56
9545,9748,Olympique Lyonnais,2010-02-22 00:00:00,60,40,70,45,70,70,60
9545,9748,Olympique Lyonnais,2011-02-22 00:00:00,65,50,50,50,80,45,45
9545,9748,Olympique Lyonnais,2012-02-22 00:00:00,49,52,49,54,67,46,47
9545,9748,Olympique Lyonnais,2013-09-20 00:00:00,49,52,49,54,67,46,47
9545,9748,Olympique Lyonnais,2014-09-19 00:00:00,49,52,49,54,67,46,47
9545,9748,Olympique Lyonnais,2015-09-10 00:00:00,49,52,49,54,67,46,47
9546,9941,Toulouse FC,2010-02-22 00:00:00,35,70,45,70,35,30,45
9546,9941,Toulouse FC,2011-02-22 00:00:00,65,50,50,50,65,35,55
9546,9941,Toulouse FC,2012-02-22 00:00:00,49,53,52,34,36,36,45
9546,9941,Toulouse FC,2013-09-20 00:00:00,49,53,52,34,36,36,45
9546,9941,Toulouse FC,2014-09-19 00:00:00,49,53,52,34,57,36,52
9546,9941,Toulouse FC,2015-09-10 00:00:00,49,53,52,34,36,36,45
9547,9829,AS Monaco,2010-02-22 00:00:00,35,55,65,55,45,70,65
9547,9829,AS Monaco,2011-02-22 00:00:00,65,50,65,35,50,35,55
9547,9829,AS Monaco,2012-02-22 00:00:00,52,48,37,37,37,35,34
9547,9829,AS Monaco,2013-09-20 00:00:00,52,48,37,37,37,35,34
9547,9829,AS Monaco,2014-09-19 00:00:00,52,48,37,37,37,35,34
9547,9829,AS Monaco,2015-09-10 00:00:00,52,43,54,56,23,56,62
9548,9847,Paris Saint-Germain,2010-02-22 00:00:00,50,65,40,65,55,70,70
9548,9847,Paris Saint-Germain,2011-02-22 00:00:00,35,35,35,35,50,45,55
9548,9847,Paris Saint-Germain,2012-02-22 00:00:00,49,41,62,52,60,49,46
9548,9847,Paris Saint-Germain,2013-09-20 00:00:00,49,41,62,52,60,49,46
9548,9847,Paris Saint-Germain,2014-09-19 00:00:00,49,55,62,61,68,57,53
9548,9847,Paris Saint-Germain,2015-09-10 00:00:00,49,34,62,61,35,57,53
9549,8481,AS Nancy-Lorraine,2010-02-22 00:00:00,65,40,60,70,30,70,70
9549,8481,AS Nancy-Lorraine,2011-02-22 00:00:00,35,35,35,65,35,35,55
9549,8481,AS Nancy-Lorraine,2012-02-22 00:00:00,49,49,52,53,67,43,46
9549,8481,AS Nancy-Lorraine,2013-09-20 00:00:00,49,49,52,53,67,43,46
9549,8481,AS Nancy-Lorraine,2014-09-19 00:00:00,49,49,52,53,67,43,46
9549,8481,AS Nancy-Lorraine,2015-09-10 00:00:00,49,49,52,53,67,43,46
9550,8639,LOSC Lille,2010-02-22 00:00:00,70,60,50,45,55,55,70
9550,8639,LOSC Lille,2011-02-22 00:00:00,65,65,50,80,50,55,55
9550,8639,LOSC Lille,2012-02-22 00:00:00,34,23,63,52,49,58,56
9550,8639,LOSC Lille,2013-09-20 00:00:00,34,42,63,52,49,47,42
9550,8639,LOSC Lille,2014-09-19 00:00:00,45,42,68,52,49,59,42
9550,8639,LOSC Lille,2015-09-10 00:00:00,45,43,68,52,64,59,42
9551,9851,Stade Rennais FC,2010-02-22 00:00:00,50,45,70,60,60,70,70
9551,9851,Stade Rennais FC,2011-02-22 00:00:00,65,35,65,65,65,55,45
9551,9851,Stade Rennais FC,2012-02-22 00:00:00,64,41,49,52,64,46,44
9551,9851,Stade Rennais FC,2013-09-20 00:00:00,64,41,49,52,64,46,44
9551,9851,Stade Rennais FC,2014-09-19 00:00:00,64,41,49,52,64,46,44
9551,9851,Stade Rennais FC,2015-09-10 00:00:00,64,41,49,52,64,46,44
9552,8592,Olympique de Marseille,2010-02-22 00:00:00,55,45,70,65,70,65,70
9552,8592,Olympique de Marseille,2011-02-22 00:00:00,65,35,65,65,80,55,55
9552,8592,Olympique de Marseille,2012-02-22 00:00:00,48,50,49,51,48,44,48
9552,8592,Olympique de Marseille,2013-09-20 00:00:00,48,50,49,77,64,44,48
9552,8592,Olympique de Marseille,2014-09-19 00:00:00,51,50,49,69,68,48,48
9552,8592,Olympique de Marseille,2015-09-10 00:00:00,51,41,49,69,31,48,48
9553,9874,FC Sochaux-Montbéliard,2010-02-22 00:00:00,66,70,35,40,50,65,30
9553,9874,FC Sochaux-Montbéliard,2011-02-22 00:00:00,50,50,35,65,35,45,55
9553,9874,FC Sochaux-Montbéliard,2012-02-22 00:00:00,63,39,63,72,49,54,43
9553,9874,FC Sochaux-Montbéliard,2013-09-20 00:00:00,63,39,63,64,49,54,43
9553,9874,FC Sochaux-Montbéliard,2014-09-19 00:00:00,63,39,63,64,49,54,43
9553,9874,FC Sochaux-Montbéliard,2015-09-10 00:00:00,63,39,63,64,49,54,43
9554,9855,Grenoble Foot 38,2010-02-22 00:00:00,70,70,65,60,70,70,55
9554,9855,Grenoble Foot 38,2011-02-22 00:00:00,50,50,50,50,50,45,45
9555,9873,Valenciennes FC,2010-02-22 00:00:00,60,70,50,60,60,30,55
9555,9873,Valenciennes FC,2011-02-22 00:00:00,65,50,50,65,50,45,45
9555,9873,Valenciennes FC,2012-02-22 00:00:00,49,50,51,60,61,43,57
9555,9873,Valenciennes FC,2013-09-20 00:00:00,49,50,51,76,61,43,57
9555,9873,Valenciennes FC,2014-09-19 00:00:00,49,52,51,67,56,47,51
9555,9873,Valenciennes FC,2015-09-10 00:00:00,49,52,51,67,56,47,51
9556,9853,AS Saint-Étienne,2010-02-22 00:00:00,65,65,55,60,60,30,30
9556,9853,AS Saint-Étienne,2011-02-22 00:00:00,65,35,35,65,65,35,45
9556,9853,AS Saint-Étienne,2012-02-22 00:00:00,49,52,48,52,52,35,44
9556,9853,AS Saint-Étienne,2013-09-20 00:00:00,49,52,48,52,52,35,44
9556,9853,AS Saint-Étienne,2014-09-19 00:00:00,58,52,48,52,52,35,44
9556,9853,AS Saint-Étienne,2015-09-10 00:00:00,58,52,48,64,52,48,51
10300,8588,RC Lens,2010-02-22 00:00:00,30,30,60,50,70,70,60
10300,8588,RC Lens,2011-02-22 00:00:00,65,50,50,65,65,45,55
10300,8588,RC Lens,2012-02-22 00:00:00,64,49,49,53,34,46,44
10300,8588,RC Lens,2013-09-20 00:00:00,64,49,49,53,37,42,44
10300,8588,RC Lens,2014-09-19 00:00:00,64,49,49,53,34,46,44
10300,8588,RC Lens,2015-09-10 00:00:00,64,50,49,53,46,46,44
10309,10249,Montpellier Hérault SC,2010-02-22 00:00:00,35,35,55,35,70,70,70
10309,10249,Montpellier Hérault SC,2011-02-22 00:00:00,50,50,35,50,50,35,55
10309,10249,Montpellier Hérault SC,2012-02-22 00:00:00,52,47,48,49,52,34,43
10309,10249,Montpellier Hérault SC,2013-09-20 00:00:00,52,47,48,49,52,34,43
10309,10249,Montpellier Hérault SC,2014-09-19 00:00:00,52,47,48,49,52,53,56
10309,10249,Montpellier Hérault SC,2015-09-10 00:00:00,54,65,48,49,45,53,56
10312,4170,US Boulogne Cote D'Opale,2010-02-22 00:00:00,45,30,35,55,60,70,60
10312,4170,US Boulogne Cote D'Opale,2011-02-22 00:00:00,50,35,35,65,65,35,55
10312,4170,US Boulogne Cote D'Opale,2012-02-22 00:00:00,49,37,47,57,50,45,44
11074,108893,AC Arles-Avignon,2010-02-22 00:00:00,50,65,30,35,30,30,50
11074,108893,AC Arles-Avignon,2011-02-22 00:00:00,50,65,35,35,35,25,45
11074,108893,AC Arles-Avignon,2012-02-22 00:00:00,23,33,49,40,43,44,32
11074,108893,AC Arles-Avignon,2013-09-20 00:00:00,41,48,58,40,43,39,43
11074,108893,AC Arles-Avignon,2014-09-19 00:00:00,39,54,49,40,43,44,53
11074,108893,AC Arles-Avignon,2015-09-10 00:00:00,56,54,55,40,43,48,53
11076,8521,Stade Brestois 29,2010-02-22 00:00:00,50,40,30,40,60,70,70
11076,8521,Stade Brestois 29,2011-02-22 00:00:00,65,35,50,65,50,55,45
11076,8521,Stade Brestois 29,2012-02-22 00:00:00,64,62,49,53,66,44,34
11076,8521,Stade Brestois 29,2013-09-20 00:00:00,59,54,49,53,66,44,34
11076,8521,Stade Brestois 29,2014-09-19 00:00:00,59,54,49,53,66,44,34
11076,8521,Stade Brestois 29,2015-09-10 00:00:00,59,54,49,53,66,44,34
11817,8576,AC Ajaccio,2010-02-22 00:00:00,60,40,45,35,55,30,70
11817,8576,AC Ajaccio,2011-02-22 00:00:00,65,45,65,65,50,45,45
11817,8576,AC Ajaccio,2012-02-22 00:00:00,59,52,48,34,52,38,47
11817,8576,AC Ajaccio,2013-09-20 00:00:00,59,52,48,34,52,38,47
11817,8576,AC Ajaccio,2014-09-19 00:00:00,59,52,48,38,52,38,47
11817,8576,AC Ajaccio,2015-09-10 00:00:00,59,52,48,38,52,38,47
11822,4087,Évian Thonon Gaillard FC,2011-02-22 00:00:00,35,65,50,65,65,45,55
11822,4087,Évian Thonon Gaillard FC,2012-02-22 00:00:00,53,44,52,52,64,47,56
11822,4087,Évian Thonon Gaillard FC,2013-09-20 00:00:00,53,44,52,52,64,47,56
11822,4087,Évian Thonon Gaillard FC,2014-09-19 00:00:00,61,44,52,61,48,47,56
11822,4087,Évian Thonon Gaillard FC,2015-09-10 00:00:00,58,56,52,61,51,47,43
11825,9836,Dijon FCO,2010-02-22 00:00:00,55,40,40,40,55,30,60
11825,9836,Dijon FCO,2011-02-22 00:00:00,65,50,50,65,50,35,45
11825,9836,Dijon FCO,2012-02-22 00:00:00,51,49,49,52,52,45,46
11825,9836,Dijon FCO,2013-09-20 00:00:00,51,49,49,52,52,45,46
11825,9836,Dijon FCO,2014-09-19 00:00:00,51,49,49,52,52,45,46
11825,9836,Dijon FCO,2015-09-10 00:00:00,51,49,49,52,52,45,46
12587,9837,Stade de Reims,2011-02-22 00:00:00,35,50,65,50,50,45,45
12587,9837,Stade de Reims,2012-02-22 00:00:00,61,48,48,52,50,33,44
12587,9837,Stade de Reims,2013-09-20 00:00:00,61,48,48,52,50,33,44
12587,9837,Stade de Reims,2014-09-19 00:00:00,48,48,48,52,50,33,44
12587,9837,Stade de Reims,2015-09-10 00:00:00,48,49,48,52,58,33,44
12594,7794,SC Bastia,2010-02-22 00:00:00,40,45,50,35,55,70,70
12594,7794,SC Bastia,2012-02-22 00:00:00,50,50,50,51,49,44,45
12594,7794,SC Bastia,2013-09-20 00:00:00,50,50,50,51,49,44,45
12594,7794,SC Bastia,2014-09-19 00:00:00,67,43,56,51,49,39,47
12594,7794,SC Bastia,2015-09-10 00:00:00,61,52,56,51,49,44,55
12595,10242,ES Troyes AC,2011-02-22 00:00:00,35,50,50,50,35,45,45
12595,10242,ES Troyes AC,2012-02-22 00:00:00,49,51,52,49,49,43,42
12595,10242,ES Troyes AC,2013-09-20 00:00:00,49,51,52,49,49,43,42
12595,10242,ES Troyes AC,2014-09-19 00:00:00,49,51,52,49,46,43,42
12595,10242,ES Troyes AC,2015-09-10 00:00:00,49,51,52,49,46,43,42
13343,9747,En Avant de Guingamp,2010-02-22 00:00:00,35,30,45,55,70,30,65
13343,9747,En Avant de Guingamp,2012-02-22 00:00:00,52,48,53,49,48,33,43
13343,9747,En Avant de Guingamp,2013-09-20 00:00:00,52,48,53,49,59,46,43
13343,9747,En Avant de Guingamp,2014-09-19 00:00:00,63,48,53,49,48,43,47
13343,9747,En Avant de Guingamp,2015-09-10 00:00:00,63,58,42,56,36,49,47
14106,8550,FC Metz,2010-02-22 00:00:00,50,30,50,60,65,30,50
14106,8550,FC Metz,2011-02-22 00:00:00,65,65,35,65,50,35,35
14106,8550,FC Metz,2012-02-22 00:00:00,50,49,49,54,53,46,47
14106,8550,FC Metz,2014-09-19 00:00:00,55,49,49,54,53,46,54
14106,8550,FC Metz,2015-09-10 00:00:00,55,49,46,54,53,39,46
14868,8121,Angers SCO,2010-02-22 00:00:00,45,35,35,50,60,30,55
14868,8121,Angers SCO,2011-02-22 00:00:00,65,50,50,65,65,45,45
14868,8121,Angers SCO,2012-02-22 00:00:00,50,50,52,52,48,44,44
14868,8121,Angers SCO,2013-09-20 00:00:00,50,50,52,52,48,44,44
14868,8121,Angers SCO,2014-09-19 00:00:00,48,50,40,52,48,44,44
14868,8121,Angers SCO,2015-09-10 00:00:00,48,50,40,52,48,44,44
14876,6391,GFC Ajaccio,2013-09-20 00:00:00,61,52,55,66,58,47,46
14876,6391,GFC Ajaccio,2015-09-10 00:00:00,48,52,55,53,55,42,46
15617,9823,FC Bayern Munich,2010-02-22 00:00:00,65,40,65,70,70,70,40
15617,9823,FC Bayern Munich,2011-02-22 00:00:00,42,40,34,30,72,39,52
15617,9823,FC Bayern Munich,2012-02-22 00:00:00,47,40,34,31,55,49,35
15617,9823,FC Bayern Munich,2013-09-20 00:00:00,56,41,40,44,39,52,54
15617,9823,FC Bayern Munich,2014-09-19 00:00:00,37,22,21,38,40,61,59
15617,9823,FC Bayern Munich,2015-09-10 00:00:00,45,28,37,31,22,72,53
15618,9790,Hamburger SV,2010-02-22 00:00:00,70,60,70,60,70,70,45
15618,9790,Hamburger SV,2011-02-22 00:00:00,52,29,61,58,54,60,55
15618,9790,Hamburger SV,2012-02-22 00:00:00,46,40,60,55,39,55,47
15618,9790,Hamburger SV,2013-09-20 00:00:00,34,38,34,59,48,45,35
15618,9790,Hamburger SV,2014-09-19 00:00:00,45,58,60,73,62,45,32
15618,9790,Hamburger SV,2015-09-10 00:00:00,42,52,62,58,47,44,41
15619,8178,Bayer 04 Leverkusen,2010-02-22 00:00:00,70,30,70,70,70,70,60
15619,8178,Bayer 04 Leverkusen,2011-02-22 00:00:00,67,38,51,47,55,57,39
15619,8178,Bayer 04 Leverkusen,2012-02-22 00:00:00,58,55,52,55,56,50,42
15619,8178,Bayer 04 Leverkusen,2013-09-20 00:00:00,64,55,52,54,37,58,38
15619,8178,Bayer 04 Leverkusen,2014-09-19 00:00:00,69,55,52,55,39,50,46
15619,8178,Bayer 04 Leverkusen,2015-09-10 00:00:00,73,55,77,54,61,61,72
15620,9789,Borussia Dortmund,2010-02-22 00:00:00,70,45,70,34,66,54,70
15620,9789,Borussia Dortmund,2011-02-22 00:00:00,73,43,60,53,64,59,67
15620,9789,Borussia Dortmund,2012-02-22 00:00:00,71,45,67,44,70,58,69
15620,9789,Borussia Dortmund,2013-09-20 00:00:00,74,45,70,48,76,60,70
15620,9789,Borussia Dortmund,2014-09-19 00:00:00,76,61,53,44,73,60,68
15620,9789,Borussia Dortmund,2015-09-10 00:00:00,71,40,70,44,49,65,71
15621,10189,FC Schalke 04,2010-02-22 00:00:00,65,55,55,70,70,70,45
15621,10189,FC Schalke 04,2011-02-22 00:00:00,63,57,55,70,62,37,67
15621,10189,FC Schalke 04,2012-02-22 00:00:00,50,36,59,52,56,43,44
15621,10189,FC Schalke 04,2013-09-20 00:00:00,60,47,62,54,52,45,58
15621,10189,FC Schalke 04,2014-09-19 00:00:00,39,45,42,56,41,51,51
15621,10189,FC Schalke 04,2015-09-10 00:00:00,58,42,64,61,37,55,59
15622,9904,Hannover 96,2010-02-22 00:00:00,55,70,65,45,65,70,70
15622,9904,Hannover 96,2011-02-22 00:00:00,55,56,55,43,53,39,37
15622,9904,Hannover 96,2012-02-22 00:00:00,65,58,63,44,64,39,45
15622,9904,Hannover 96,2013-09-20 00:00:00,78,58,66,39,41,39,48
15622,9904,Hannover 96,2014-09-19 00:00:00,48,38,38,51,40,37,48
15622,9904,Hannover 96,2015-09-10 00:00:00,48,41,38,51,40,35,50
15623,8721,VfL Wolfsburg,2010-02-22 00:00:00,65,45,65,60,70,45,60
15623,8721,VfL Wolfsburg,2011-02-22 00:00:00,65,45,65,36,51,58,47
15623,8721,VfL Wolfsburg,2012-02-22 00:00:00,54,59,67,56,48,38,40
15623,8721,VfL Wolfsburg,2013-09-20 00:00:00,58,57,68,72,70,64,42
15623,8721,VfL Wolfsburg,2014-09-19 00:00:00,58,45,68,60,54,59,48
15623,8721,VfL Wolfsburg,2015-09-10 00:00:00,68,57,69,66,50,66,46
15624,8722,1. FC Köln,2010-02-22 00:00:00,55,65,65,40,60,45,55
15624,8722,1. FC Köln,2011-02-22 00:00:00,58,71,42,39,50,40,40
15624,8722,1. FC Köln,2012-02-22 00:00:00,53,53,57,44,57,43,55
15624,8722,1. FC Köln,2013-09-20 00:00:00,60,56,57,44,57,43,55
15624,8722,1. FC Köln,2014-09-19 00:00:00,59,57,53,47,59,57,46
15624,8722,1. FC Köln,2015-09-10 00:00:00,59,65,57,36,71,42,56
15625,9810,Eintracht Frankfurt,2010-02-22 00:00:00,60,35,35,70,60,65,30
15625,9810,Eintracht Frankfurt,2011-02-22 00:00:00,52,43,62,62,41,48,50
15625,9810,Eintracht Frankfurt,2012-02-22 00:00:00,38,34,47,45,48,46,45
15625,9810,Eintracht Frankfurt,2013-09-20 00:00:00,41,34,47,45,48,46,45
15625,9810,Eintracht Frankfurt,2014-09-19 00:00:00,63,42,57,50,52,43,46
15625,9810,Eintracht Frankfurt,2015-09-10 00:00:00,51,38,47,58,40,48,42
15626,8177,Hertha BSC Berlin,2010-02-22 00:00:00,60,50,45,55,55,55,30
15626,8177,Hertha BSC Berlin,2011-02-22 00:00:00,59,43,56,50,66,50,43
15626,8177,Hertha BSC Berlin,2012-02-22 00:00:00,48,45,45,51,46,50,50
15626,8177,Hertha BSC Berlin,2013-09-20 00:00:00,40,55,63,46,63,50,38
15626,8177,Hertha BSC Berlin,2014-09-19 00:00:00,68,55,51,59,59,41,60
15626,8177,Hertha BSC Berlin,2015-09-10 00:00:00,47,55,59,68,45,50,45
15627,9912,DSC Arminia Bielefeld,2010-02-22 00:00:00,40,65,45,70,50,45,40
15627,9912,DSC Arminia Bielefeld,2011-02-22 00:00:00,46,58,45,33,42,38,48
15627,9912,DSC Arminia Bielefeld,2014-09-19 00:00:00,62,55,56,51,52,36,54
15628,8697,SV Werder Bremen,2010-02-22 00:00:00,70,40,70,40,70,70,65
15628,8697,SV Werder Bremen,2011-02-22 00:00:00,64,40,65,48,64,64,48
15628,8697,SV Werder Bremen,2012-02-22 00:00:00,54,40,68,58,48,49,50
15628,8697,SV Werder Bremen,2013-09-20 00:00:00,68,33,71,67,78,60,50
15628,8697,SV Werder Bremen,2014-09-19 00:00:00,40,47,37,40,51,40,50
15628,8697,SV Werder Bremen,2015-09-10 00:00:00,56,63,68,66,58,63,47
15629,8398,FC Energie Cottbus,2010-02-22 00:00:00,45,55,30,55,45,68,70
15629,8398,FC Energie Cottbus,2011-02-22 00:00:00,64,55,71,38,52,58,48
15629,8398,FC Energie Cottbus,2012-02-22 00:00:00,50,48,47,67,53,57,47
15629,8398,FC Energie Cottbus,2013-09-20 00:00:00,50,48,47,67,53,57,47
15629,8398,FC Energie Cottbus,2014-09-19 00:00:00,39,40,52,67,56,47,55
15630,8226,TSG 1899 Hoffenheim,2010-02-22 00:00:00,70,30,70,55,55,65,70
15630,8226,TSG 1899 Hoffenheim,2011-02-22 00:00:00,75,35,72,51,68,68,50
15630,8226,TSG 1899 Hoffenheim,2012-02-22 00:00:00,61,53,42,62,54,47,59
15630,8226,TSG 1899 Hoffenheim,2013-09-20 00:00:00,32,53,36,62,64,47,52
15630,8226,TSG 1899 Hoffenheim,2014-09-19 00:00:00,68,63,68,38,55,56,57
15630,8226,TSG 1899 Hoffenheim,2015-09-10 00:00:00,69,53,66,62,59,63,61
15631,9788,Borussia Mönchengladbach,2010-02-22 00:00:00,65,45,50,70,65,55,40
15631,9788,Borussia Mönchengladbach,2011-02-22 00:00:00,63,46,60,51,61,49,58
15631,9788,Borussia Mönchengladbach,2012-02-22 00:00:00,57,64,54,48,55,33,43
15631,9788,Borussia Mönchengladbach,2013-09-20 00:00:00,76,40,66,48,30,33,53
15631,9788,Borussia Mönchengladbach,2014-09-19 00:00:00,31,32,38,26,49,43,50
15631,9788,Borussia Mönchengladbach,2015-09-10 00:00:00,31,32,38,26,49,41,48
15632,10269,VfB Stuttgart,2010-02-22 00:00:00,70,30,60,70,70,65,50
15632,10269,VfB Stuttgart,2011-02-22 00:00:00,64,48,60,62,56,45,56
15632,10269,VfB Stuttgart,2012-02-22 00:00:00,50,42,56,66,48,47,44
15632,10269,VfB Stuttgart,2013-09-20 00:00:00,59,41,58,66,65,47,52
15632,10269,VfB Stuttgart,2014-09-19 00:00:00,54,53,60,56,48,46,54
15632,10269,VfB Stuttgart,2015-09-10 00:00:00,59,41,58,66,48,41,44
15633,8295,Karlsruher SC,2010-02-22 00:00:00,70,35,70,65,70,65,40
15633,8295,Karlsruher SC,2011-02-22 00:00:00,53,55,71,56,56,52,46
15633,8295,Karlsruher SC,2012-02-22 00:00:00,54,47,53,44,49,34,46
15633,8295,Karlsruher SC,2014-09-19 00:00:00,56,53,53,46,49,32,46
15633,8295,Karlsruher SC,2015-09-10 00:00:00,54,47,53,44,49,34,46
15634,9911,VfL Bochum,2010-02-22 00:00:00,50,65,55,45,50,40,60
15634,9911,VfL Bochum,2011-02-22 00:00:00,55,56,55,49,52,48,60
15634,9911,VfL Bochum,2012-02-22 00:00:00,40,48,51,54,37,34,53
15634,9911,VfL Bochum,2013-09-20 00:00:00,40,48,51,54,37,40,53
15634,9911,VfL Bochum,2014-09-19 00:00:00,38,48,51,54,36,34,53
15634,9911,VfL Bochum,2015-09-10 00:00:00,69,57,66,40,66,58,47
16237,8358,SC Freiburg,2010-02-22 00:00:00,50,30,30,70,60,55,50
16237,8358,SC Freiburg,2011-02-22 00:00:00,50,47,47,41,34,41,42
16237,8358,SC Freiburg,2012-02-22 00:00:00,52,61,62,50,42,30,50
16237,8358,SC Freiburg,2013-09-20 00:00:00,59,38,55,39,43,53,62
16237,8358,SC Freiburg,2014-09-19 00:00:00,39,48,55,33,44,59,60
16237,8358,SC Freiburg,2015-09-10 00:00:00,59,38,55,44,45,53,62
16239,8165,1. FC Nürnberg,2010-02-22 00:00:00,45,50,40,70,70,55,55
16239,8165,1. FC Nürnberg,2011-02-22 00:00:00,45,50,47,45,56,55,61
16239,8165,1. FC Nürnberg,2012-02-22 00:00:00,44,49,51,49,48,30,40
16239,8165,1. FC Nürnberg,2013-09-20 00:00:00,46,49,56,54,67,39,57
16239,8165,1. FC Nürnberg,2014-09-19 00:00:00,46,38,58,48,55,51,50
16239,8165,1. FC Nürnberg,2015-09-10 00:00:00,46,49,51,52,59,30,40
16243,9905,1. FSV Mainz 05,2010-02-22 00:00:00,45,40,45,70,70,50,70
16243,9905,1. FSV Mainz 05,2011-02-22 00:00:00,65,50,59,62,53,57,53
16243,9905,1. FSV Mainz 05,2012-02-22 00:00:00,68,57,55,39,60,52,65
16243,9905,1. FSV Mainz 05,2013-09-20 00:00:00,66,52,55,37,56,48,65
16243,9905,1. FSV Mainz 05,2014-09-19 00:00:00,67,57,55,38,44,53,60
16243,9905,1. FSV Mainz 05,2015-09-10 00:00:00,60,53,49,40,44,55,62
16848,8350,1. FC Kaiserslautern,2010-02-22 00:00:00,45,55,45,70,70,70,70
16848,8350,1. FC Kaiserslautern,2011-02-22 00:00:00,48,42,49,68,53,38,48
16848,8350,1. FC Kaiserslautern,2012-02-22 00:00:00,38,54,43,49,64,37,51
16848,8350,1. FC Kaiserslautern,2013-09-20 00:00:00,61,54,43,62,56,48,50
16848,8350,1. FC Kaiserslautern,2014-09-19 00:00:00,66,53,54,69,51,47,47
16848,8350,1. FC Kaiserslautern,2015-09-10 00:00:00,49,52,49,54,64,41,51
16850,8152,FC St. Pauli,2010-02-22 00:00:00,60,60,50,70,70,60,70
16850,8152,FC St. Pauli,2011-02-22 00:00:00,60,42,63,55,56,49,60
16850,8152,FC St. Pauli,2012-02-22 00:00:00,53,64,60,34,53,49,44
16850,8152,FC St. Pauli,2013-09-20 00:00:00,53,56,62,46,53,49,44
16850,8152,FC St. Pauli,2014-09-19 00:00:00,53,56,68,53,34,46,44
16850,8152,FC St. Pauli,2015-09-10 00:00:00,52,56,62,53,38,39,44
17465,8406,FC Augsburg,2010-02-22 00:00:00,45,45,35,70,70,45,55
17465,8406,FC Augsburg,2011-02-22 00:00:00,68,40,52,64,72,59,49
17465,8406,FC Augsburg,2012-02-22 00:00:00,55,55,49,57,55,47,58
17465,8406,FC Augsburg,2013-09-20 00:00:00,40,55,49,72,53,33,43
17465,8406,FC Augsburg,2014-09-19 00:00:00,62,69,41,63,56,47,55
17465,8406,FC Augsburg,2015-09-10 00:00:00,59,55,49,62,55,34,50
18074,8194,Fortuna Düsseldorf,2010-02-22 00:00:00,65,35,70,50,52,45,70
18074,8194,Fortuna Düsseldorf,2011-02-22 00:00:00,51,38,52,40,54,46,59
18074,8194,Fortuna Düsseldorf,2012-02-22 00:00:00,67,47,67,68,55,56,57
18074,8194,Fortuna Düsseldorf,2013-09-20 00:00:00,41,69,55,68,52,24,48
18074,8194,Fortuna Düsseldorf,2014-09-19 00:00:00,72,57,55,49,37,47,48
18074,8194,Fortuna Düsseldorf,2015-09-10 00:00:00,47,47,55,68,55,56,57
18079,8357,SpVgg Greuther Fürth,2010-02-22 00:00:00,55,45,30,70,70,40,55
18079,8357,SpVgg Greuther Fürth,2011-02-22 00:00:00,59,40,56,54,48,59,46
18079,8357,SpVgg Greuther Fürth,2012-02-22 00:00:00,68,45,54,44,43,48,56
18079,8357,SpVgg Greuther Fürth,2013-09-20 00:00:00,57,53,54,49,46,36,56
18079,8357,SpVgg Greuther Fürth,2014-09-19 00:00:00,66,38,56,40,52,49,48
18079,8357,SpVgg Greuther Fürth,2015-09-10 00:00:00,54,53,54,49,46,48,56
18691,9776,Eintracht Braunschweig,2012-02-22 00:00:00,64,54,52,66,62,54,42
18691,9776,Eintracht Braunschweig,2013-09-20 00:00:00,68,54,62,66,67,57,47
18691,9776,Eintracht Braunschweig,2014-09-19 00:00:00,61,62,59,43,55,30,40
18691,9776,Eintracht Braunschweig,2015-09-10 00:00:00,66,54,62,59,51,57,47
19305,8460,SC Paderborn 07,2010-02-22 00:00:00,70,49,50,34,55,30,48
19305,8460,SC Paderborn 07,2011-02-22 00:00:00,52,48,49,37,55,36,48
19305,8460,SC Paderborn 07,2012-02-22 00:00:00,67,59,52,48,68,33,52
19305,8460,SC Paderborn 07,2013-09-20 00:00:00,67,59,52,48,68,40,52
19305,8460,SC Paderborn 07,2014-09-19 00:00:00,73,55,52,48,63,33,55
19305,8460,SC Paderborn 07,2015-09-10 00:00:00,67,62,56,48,56,25,29
19916,8234,FC Ingolstadt 04,2011-02-22 00:00:00,47,54,54,51,46,37,50
19916,8234,FC Ingolstadt 04,2012-02-22 00:00:00,55,46,47,53,51,33,42
19916,8234,FC Ingolstadt 04,2013-09-20 00:00:00,55,46,47,53,51,33,42
19916,8234,FC Ingolstadt 04,2014-09-19 00:00:00,54,47,53,33,52,42,36
19916,8234,FC Ingolstadt 04,2015-09-10 00:00:00,55,46,47,53,51,37,48
19917,8262,SV Darmstadt 98,2015-09-10 00:00:00,59,77,52,77,45,32,56
20513,8524,Atalanta,2010-02-22 00:00:00,35,40,35,30,55,30,30
20513,8524,Atalanta,2011-02-22 00:00:00,65,50,50,65,55,45,55
20513,8524,Atalanta,2012-02-22 00:00:00,40,50,53,47,50,55,42
20513,8524,Atalanta,2013-09-20 00:00:00,64,36,38,49,51,54,53
20513,8524,Atalanta,2014-09-19 00:00:00,64,37,38,49,51,36,66
20513,8524,Atalanta,2015-09-10 00:00:00,64,37,38,49,51,36,63
20514,8551,Siena,2010-02-22 00:00:00,35,30,30,30,55,40,65
20514,8551,Siena,2011-02-22 00:00:00,50,50,50,65,55,40,45
20514,8551,Siena,2012-02-22 00:00:00,45,50,50,50,50,45,45
20514,8551,Siena,2013-09-20 00:00:00,47,48,54,56,52,37,49
20514,8551,Siena,2014-09-19 00:00:00,47,48,64,67,52,44,49
20515,8529,Cagliari,2010-02-22 00:00:00,40,30,30,35,55,40,55
20515,8529,Cagliari,2011-02-22 00:00:00,65,50,50,65,50,45,45
20515,8529,Cagliari,2012-02-22 00:00:00,40,50,65,50,50,45,45
20515,8529,Cagliari,2013-09-20 00:00:00,63,36,66,51,51,46,56
20515,8529,Cagliari,2014-09-19 00:00:00,63,53,33,51,68,37,56
20515,8529,Cagliari,2015-09-10 00:00:00,67,35,69,58,69,65,65
20516,8543,Lazio,2010-02-22 00:00:00,60,50,50,40,70,55,50
20516,8543,Lazio,2011-02-22 00:00:00,60,35,50,35,51,45,50
20516,8543,Lazio,2012-02-22 00:00:00,45,50,65,50,50,35,45
20516,8543,Lazio,2013-09-20 00:00:00,51,54,68,52,69,59,53
20516,8543,Lazio,2014-09-19 00:00:00,49,54,68,63,69,59,53
20516,8543,Lazio,2015-09-10 00:00:00,68,55,68,80,72,59,66
20517,8530,Catania,2010-02-22 00:00:00,35,30,30,30,60,35,55
20517,8530,Catania,2011-02-22 00:00:00,65,35,50,65,63,35,55
20517,8530,Catania,2012-02-22 00:00:00,40,50,50,50,50,25,50
20517,8530,Catania,2013-09-20 00:00:00,67,37,67,52,52,37,57
20517,8530,Catania,2014-09-19 00:00:00,75,48,53,52,36,28,67
20517,8530,Catania,2015-09-10 00:00:00,70,48,53,52,36,31,64
20518,10233,Genoa,2010-02-22 00:00:00,70,50,70,40,65,40,65
20518,10233,Genoa,2011-02-22 00:00:00,65,35,50,50,50,54,65
20518,10233,Genoa,2012-02-22 00:00:00,50,50,50,50,50,45,45
20518,10233,Genoa,2013-09-20 00:00:00,64,38,66,67,49,46,47
20518,10233,Genoa,2014-09-19 00:00:00,64,68,66,53,49,23,47
20518,10233,Genoa,2015-09-10 00:00:00,64,68,66,45,23,27,47
20519,8533,Chievo Verona,2010-02-22 00:00:00,45,30,35,45,65,30,70
20519,8533,Chievo Verona,2011-02-22 00:00:00,45,50,49,45,35,36,70
20519,8533,Chievo Verona,2012-02-22 00:00:00,60,65,50,50,65,25,45
20519,8533,Chievo Verona,2013-09-20 00:00:00,66,67,52,51,66,26,59
20519,8533,Chievo Verona,2014-09-19 00:00:00,66,67,52,66,52,46,59
20519,8533,Chievo Verona,2015-09-10 00:00:00,66,67,52,66,52,46,59
20520,8690,Reggio Calabria,2010-02-22 00:00:00,55,30,30,30,70,40,50
20520,8690,Reggio Calabria,2011-02-22 00:00:00,55,30,30,30,49,40,50
20520,8690,Reggio Calabria,2012-02-22 00:00:00,50,50,50,65,50,35,45
20520,8690,Reggio Calabria,2013-09-20 00:00:00,52,56,57,74,55,38,48
20520,8690,Reggio Calabria,2014-09-19 00:00:00,52,56,57,74,53,38,48
20521,8535,Fiorentina,2010-02-22 00:00:00,67,30,50,60,60,45,30
20521,8535,Fiorentina,2011-02-22 00:00:00,49,50,50,60,60,45,45
20521,8535,Fiorentina,2012-02-22 00:00:00,45,50,65,50,50,45,45
20521,8535,Fiorentina,2013-09-20 00:00:00,53,51,64,51,53,47,47
20521,8535,Fiorentina,2014-09-19 00:00:00,34,33,68,51,53,58,59
20521,8535,Fiorentina,2015-09-10 00:00:00,34,33,68,51,53,58,59
20522,9885,Juventus,2010-02-22 00:00:00,45,35,45,55,70,50,35
20522,9885,Juventus,2011-02-22 00:00:00,65,50,50,77,50,55,55
20522,9885,Juventus,2012-02-22 00:00:00,50,35,65,65,50,35,55
20522,9885,Juventus,2013-09-20 00:00:00,39,33,51,63,72,66,67
20522,9885,Juventus,2014-09-19 00:00:00,26,24,64,53,72,23,67
20522,9885,Juventus,2015-09-10 00:00:00,50,20,65,50,80,35,65
20523,8564,Milan,2010-02-22 00:00:00,45,30,55,45,70,30,35
20523,8564,Milan,2011-02-22 00:00:00,65,50,50,60,50,50,50
20523,8564,Milan,2012-02-22 00:00:00,45,50,65,20,50,45,45
20523,8564,Milan,2013-09-20 00:00:00,48,54,51,53,64,48,49
20523,8564,Milan,2014-09-19 00:00:00,48,52,66,36,75,58,57
20523,8564,Milan,2015-09-10 00:00:00,48,52,66,36,69,58,57
20524,9857,Bologna,2010-02-22 00:00:00,65,55,30,70,65,55,30
20524,9857,Bologna,2011-02-22 00:00:00,65,35,35,35,50,30,50
20524,9857,Bologna,2012-02-22 00:00:00,40,50,35,35,50,35,45
20524,9857,Bologna,2013-09-20 00:00:00,63,48,49,63,63,43,43
20524,9857,Bologna,2014-09-19 00:00:00,63,48,32,48,52,28,54
20524,9857,Bologna,2015-09-10 00:00:00,63,48,32,48,52,30,54
20525,8686,Roma,2010-02-22 00:00:00,70,30,60,60,70,55,30
20525,8686,Roma,2011-02-22 00:00:00,64,30,67,50,65,46,47
20525,8686,Roma,2012-02-22 00:00:00,60,40,65,35,50,35,45
20525,8686,Roma,2013-09-20 00:00:00,53,55,77,75,56,49,47
20525,8686,Roma,2014-09-19 00:00:00,67,38,73,64,56,36,57
20525,8686,Roma,2015-09-10 00:00:00,68,47,71,54,66,36,57
20526,9875,Napoli,2010-02-22 00:00:00,70,30,30,35,70,50,70
20526,9875,Napoli,2011-02-22 00:00:00,50,35,65,65,50,50,70
20526,9875,Napoli,2012-02-22 00:00:00,60,50,65,65,50,45,55
20526,9875,Napoli,2013-09-20 00:00:00,68,52,68,69,53,44,57
20526,9875,Napoli,2014-09-19 00:00:00,72,34,76,66,73,61,59
20526,9875,Napoli,2015-09-10 00:00:00,53,37,68,54,67,47,57
20527,9882,Sampdoria,2010-02-22 00:00:00,60,30,30,30,65,50,30
20527,9882,Sampdoria,2011-02-22 00:00:00,50,65,65,65,50,35,45
20527,9882,Sampdoria,2012-02-22 00:00:00,35,35,35,65,35,45,45
20527,9882,Sampdoria,2013-09-20 00:00:00,36,38,49,62,33,50,51
20527,9882,Sampdoria,2014-09-19 00:00:00,36,38,49,52,62,54,57
20527,9882,Sampdoria,2015-09-10 00:00:00,36,38,49,52,29,50,51
20528,8636,Inter,2010-02-22 00:00:00,55,55,50,55,70,50,60
20528,8636,Inter,2011-02-22 00:00:00,55,50,50,55,65,50,60
20528,8636,Inter,2012-02-22 00:00:00,45,50,65,50,65,35,55
20528,8636,Inter,2013-09-20 00:00:00,67,67,68,52,66,36,57
20528,8636,Inter,2014-09-19 00:00:00,67,67,68,69,66,23,57
20528,8636,Inter,2015-09-10 00:00:00,58,54,56,60,53,47,49
20529,9804,Torino,2010-02-22 00:00:00,45,35,40,30,70,45,35
20529,9804,Torino,2011-02-22 00:00:00,45,35,40,47,35,45,45
20529,9804,Torino,2012-02-22 00:00:00,50,50,50,65,50,35,45
20529,9804,Torino,2013-09-20 00:00:00,71,36,37,72,53,39,46
20529,9804,Torino,2014-09-19 00:00:00,76,64,64,72,53,39,34
20529,9804,Torino,2015-09-10 00:00:00,69,36,37,69,53,39,46
20530,9888,Lecce,2010-02-22 00:00:00,40,30,45,60,70,30,70
20530,9888,Lecce,2011-02-22 00:00:00,50,50,50,60,52,30,55
20530,9888,Lecce,2012-02-22 00:00:00,45,50,50,50,35,35,55
20531,8600,Udinese,2010-02-22 00:00:00,64,35,30,50,70,35,30
20531,8600,Udinese,2011-02-22 00:00:00,70,49,66,50,50,44,45
20531,8600,Udinese,2012-02-22 00:00:00,75,45,65,65,50,45,55
20531,8600,Udinese,2013-09-20 00:00:00,78,63,69,78,52,40,63
20531,8600,Udinese,2014-09-19 00:00:00,71,63,69,78,52,40,46
20531,8600,Udinese,2015-09-10 00:00:00,68,63,69,68,52,40,57
20532,8540,Palermo,2010-02-22 00:00:00,63,50,30,30,70,45,40
20532,8540,Palermo,2011-02-22 00:00:00,65,35,50,65,50,35,45
20532,8540,Palermo,2012-02-22 00:00:00,60,40,50,35,65,45,45
20532,8540,Palermo,2013-09-20 00:00:00,66,37,56,34,63,43,42
20532,8540,Palermo,2014-09-19 00:00:00,66,37,56,34,63,43,42
20532,8540,Palermo,2015-09-10 00:00:00,66,36,60,34,64,44,58
21280,9976,Bari,2010-02-22 00:00:00,30,30,30,40,65,40,30
21280,9976,Bari,2011-02-22 00:00:00,65,35,65,63,65,55,45
21280,9976,Bari,2012-02-22 00:00:00,50,50,50,35,50,45,45
21280,9976,Bari,2013-09-20 00:00:00,55,57,54,44,60,49,51
21280,9976,Bari,2014-09-19 00:00:00,55,57,54,44,56,49,51
21280,9976,Bari,2015-09-10 00:00:00,52,65,40,55,48,50,51
21285,8537,Livorno,2010-02-22 00:00:00,30,30,30,30,55,30,30
21285,8537,Livorno,2011-02-22 00:00:00,65,50,30,65,65,45,60
21285,8537,Livorno,2012-02-22 00:00:00,50,50,35,50,50,35,45
21285,8537,Livorno,2013-09-20 00:00:00,58,55,52,57,63,58,49
21285,8537,Livorno,2014-09-19 00:00:00,58,67,38,23,77,29,57
21285,8537,Livorno,2015-09-10 00:00:00,58,67,38,27,69,31,57
21292,10167,Parma,2010-02-22 00:00:00,30,30,40,60,70,45,30
21292,10167,Parma,2011-02-22 00:00:00,50,30,48,55,65,45,47
21292,10167,Parma,2012-02-22 00:00:00,45,35,50,65,50,45,45
21292,10167,Parma,2013-09-20 00:00:00,48,33,46,62,45,39,43
21292,10167,Parma,2014-09-19 00:00:00,48,33,69,62,45,54,66
21292,10167,Parma,2015-09-10 00:00:00,48,33,69,62,45,43,43
22042,9880,Cesena,2010-02-22 00:00:00,30,30,35,45,65,50,30
22042,9880,Cesena,2011-02-22 00:00:00,50,50,35,35,50,35,55
22042,9880,Cesena,2012-02-22 00:00:00,60,40,50,35,65,35,45
22042,9880,Cesena,2013-09-20 00:00:00,73,44,53,44,73,39,49
22042,9880,Cesena,2014-09-19 00:00:00,73,41,53,44,73,39,49
22042,9880,Cesena,2015-09-10 00:00:00,66,41,53,44,66,39,49
22044,9858,Brescia,2010-02-22 00:00:00,30,30,35,50,70,45,30
22044,9858,Brescia,2011-02-22 00:00:00,30,50,50,65,65,45,45
22044,9858,Brescia,2012-02-22 00:00:00,35,35,35,20,65,35,45
22044,9858,Brescia,2013-09-20 00:00:00,42,43,45,25,75,41,52
22044,9858,Brescia,2014-09-19 00:00:00,42,27,54,25,75,41,52
22044,9858,Brescia,2015-09-10 00:00:00,42,43,41,48,69,41,52
22805,6269,Novara,2011-02-22 00:00:00,53,35,50,64,49,60,51
22805,6269,Novara,2012-02-22 00:00:00,55,50,50,50,50,35,45
22805,6269,Novara,2013-09-20 00:00:00,66,62,56,55,61,36,49
22805,6269,Novara,2014-09-19 00:00:00,66,56,56,55,57,36,49
23523,9878,Pescara,2011-02-22 00:00:00,50,60,35,50,35,35,60
23523,9878,Pescara,2012-02-22 00:00:00,65,65,65,50,65,45,45
23523,9878,Pescara,2013-09-20 00:00:00,55,40,58,47,36,44,48
23523,9878,Pescara,2014-09-19 00:00:00,64,36,51,64,54,26,46
23523,9878,Pescara,2015-09-10 00:00:00,64,53,41,49,41,39,46
24273,9876,Hellas Verona,2012-02-22 00:00:00,50,50,50,50,50,45,55
24273,9876,Hellas Verona,2013-09-20 00:00:00,58,63,55,57,61,47,59
24273,9876,Hellas Verona,2014-09-19 00:00:00,63,48,39,54,55,31,47
24273,9876,Hellas Verona,2015-09-10 00:00:00,57,38,39,54,55,47,59
24288,7943,Sassuolo,2010-02-22 00:00:00,30,30,30,30,60,30,30
24288,7943,Sassuolo,2011-02-22 00:00:00,50,50,50,61,60,45,30
24288,7943,Sassuolo,2012-02-22 00:00:00,50,50,50,50,50,35,45
24288,7943,Sassuolo,2013-09-20 00:00:00,57,60,56,63,64,38,47
24288,7943,Sassuolo,2014-09-19 00:00:00,57,60,66,57,63,54,47
24288,7943,Sassuolo,2015-09-10 00:00:00,57,60,56,57,56,38,47
25048,8534,Empoli,2010-02-22 00:00:00,30,30,30,30,55,30,30
25048,8534,Empoli,2011-02-22 00:00:00,50,35,50,50,55,45,45
25048,8534,Empoli,2012-02-22 00:00:00,50,50,50,50,50,35,45
25048,8534,Empoli,2013-09-20 00:00:00,51,54,53,54,62,39,50
25048,8534,Empoli,2014-09-19 00:00:00,63,39,66,67,51,53,57
25048,8534,Empoli,2015-09-10 00:00:00,66,36,59,64,63,46,66
25791,9891,Frosinone,2010-02-22 00:00:00,30,30,30,45,65,30,30
25791,9891,Frosinone,2011-02-22 00:00:00,70,48,46,45,65,61,67
25791,9891,Frosinone,2015-09-10 00:00:00,63,46,51,50,50,55,57
25804,208931,Carpi,2014-09-19 00:00:00,32,31,47,36,54,46,44
25804,208931,Carpi,2015-09-10 00:00:00,80,65,70,40,50,25,55
26547,8277,Vitesse,2010-02-22 00:00:00,35,35,40,50,60,30,30
26547,8277,Vitesse,2011-02-22 00:00:00,33,50,68,51,54,55,60
26547,8277,Vitesse,2012-02-22 00:00:00,37,30,57,42,56,42,54
26547,8277,Vitesse,2013-09-20 00:00:00,37,39,52,42,62,42,45
26547,8277,Vitesse,2014-09-19 00:00:00,53,32,53,54,56,42,54
26547,8277,Vitesse,2015-09-10 00:00:00,57,48,53,37,71,60,58
26548,8674,FC Groningen,2010-02-22 00:00:00,41,32,40,47,69,30,30
26548,8674,FC Groningen,2011-02-22 00:00:00,51,39,48,67,62,43,44
26548,8674,FC Groningen,2012-02-22 00:00:00,44,41,48,64,42,49,47
26548,8674,FC Groningen,2013-09-20 00:00:00,44,44,56,58,42,49,47
26548,8674,FC Groningen,2014-09-19 00:00:00,48,38,57,59,45,49,47
26548,8674,FC Groningen,2015-09-10 00:00:00,55,55,57,59,54,49,47
26549,9803,Roda JC Kerkrade,2010-02-22 00:00:00,30,35,35,50,70,30,30
26549,9803,Roda JC Kerkrade,2011-02-22 00:00:00,65,51,33,38,53,48,57
26549,9803,Roda JC Kerkrade,2012-02-22 00:00:00,55,52,62,43,54,47,44
26549,9803,Roda JC Kerkrade,2013-09-20 00:00:00,42,44,49,40,38,47,44
26549,9803,Roda JC Kerkrade,2014-09-19 00:00:00,43,44,59,45,42,39,37
26550,8611,FC Twente,2010-02-22 00:00:00,30,30,40,40,65,30,30
26550,8611,FC Twente,2011-02-22 00:00:00,55,55,63,62,47,61,59
26550,8611,FC Twente,2012-02-22 00:00:00,25,28,44,68,37,62,68
26550,8611,FC Twente,2013-09-20 00:00:00,35,38,44,50,41,34,44
26550,8611,FC Twente,2014-09-19 00:00:00,38,34,63,65,37,44,41
26550,8611,FC Twente,2015-09-10 00:00:00,48,43,43,58,39,44,41
26551,8525,Willem II,2010-02-22 00:00:00,35,30,30,40,65,30,30
26551,8525,Willem II,2011-02-22 00:00:00,72,57,70,47,49,28,63
26551,8525,Willem II,2013-09-20 00:00:00,48,55,48,53,46,43,35
26551,8525,Willem II,2015-09-10 00:00:00,51,63,48,53,52,43,45
26552,8593,Ajax,2010-02-22 00:00:00,30,30,50,60,70,30,30
26552,8593,Ajax,2011-02-22 00:00:00,40,38,67,65,67,65,57
26552,8593,Ajax,2012-02-22 00:00:00,31,33,39,64,46,68,65
26552,8593,Ajax,2013-09-20 00:00:00,35,33,39,52,46,68,65
26552,8593,Ajax,2014-09-19 00:00:00,40,30,51,55,39,64,53
26552,8593,Ajax,2015-09-10 00:00:00,35,39,58,55,30,64,53
26553,8464,N.E.C.,2010-02-22 00:00:00,32,30,35,40,60,30,30
26553,8464,N.E.C.,2011-02-22 00:00:00,47,46,48,78,32,33,54
26553,8464,N.E.C.,2012-02-22 00:00:00,46,38,39,55,50,45,48
26553,8464,N.E.C.,2013-09-20 00:00:00,46,41,52,37,57,45,48
26553,8464,N.E.C.,2014-09-19 00:00:00,49,59,52,49,55,40,48
26554,8526,De Graafschap,2011-02-22 00:00:00,30,40,43,45,65,42,45
26554,8526,De Graafschap,2012-02-22 00:00:00,37,41,47,40,63,52,43
26555,9908,FC Utrecht,2010-02-22 00:00:00,45,45,33,50,67,30,30
26555,9908,FC Utrecht,2011-02-22 00:00:00,66,45,41,69,72,34,57
26555,9908,FC Utrecht,2012-02-22 00:00:00,47,52,52,54,52,45,49
26555,9908,FC Utrecht,2013-09-20 00:00:00,47,52,52,54,60,45,49
26555,9908,FC Utrecht,2014-09-19 00:00:00,50,52,55,49,52,45,49
26555,9908,FC Utrecht,2015-09-10 00:00:00,50,54,55,64,28,54,58
26556,8640,PSV,2010-02-22 00:00:00,30,30,33,52,70,30,30
26556,8640,PSV,2011-02-22 00:00:00,63,30,67,65,68,57,37
26556,8640,PSV,2012-02-22 00:00:00,33,42,40,55,48,43,30
26556,8640,PSV,2013-09-20 00:00:00,54,45,55,58,55,43,50
26556,8640,PSV,2014-09-19 00:00:00,67,40,53,53,55,50,62
26556,8640,PSV,2015-09-10 00:00:00,67,43,53,44,28,40,40
26557,9791,Heracles Almelo,2010-02-22 00:00:00,30,45,31,43,59,30,30
26557,9791,Heracles Almelo,2011-02-22 00:00:00,69,45,40,70,45,36,66
26557,9791,Heracles Almelo,2012-02-22 00:00:00,43,27,55,58,60,33,43
26557,9791,Heracles Almelo,2013-09-20 00:00:00,39,32,40,42,66,47,43
26557,9791,Heracles Almelo,2014-09-19 00:00:00,46,32,48,58,59,60,62
26557,9791,Heracles Almelo,2015-09-10 00:00:00,50,61,48,58,59,60,62
26558,10235,Feyenoord,2010-02-22 00:00:00,30,30,44,41,46,30,30
26558,10235,Feyenoord,2011-02-22 00:00:00,47,53,43,33,32,48,59
26558,10235,Feyenoord,2012-02-22 00:00:00,38,34,60,44,50,43,43
26558,10235,Feyenoord,2013-09-20 00:00:00,44,44,48,62,50,43,43
26558,10235,Feyenoord,2014-09-19 00:00:00,54,60,48,67,50,43,43
26558,10235,Feyenoord,2015-09-10 00:00:00,50,48,48,67,31,43,46
26559,8614,Sparta Rotterdam,2010-02-22 00:00:00,35,40,30,45,65,30,30
26560,10217,ADO Den Haag,2010-02-22 00:00:00,30,35,30,50,65,30,30
26560,10217,ADO Den Haag,2011-02-22 00:00:00,53,53,48,67,66,46,62
26560,10217,ADO Den Haag,2012-02-22 00:00:00,38,44,55,60,44,50,58
26560,10217,ADO Den Haag,2013-09-20 00:00:00,38,47,55,55,44,50,58
26560,10217,ADO Den Haag,2014-09-19 00:00:00,58,55,55,52,44,57,50
26560,10217,ADO Den Haag,2015-09-10 00:00:00,56,66,55,52,38,40,50
26562,10228,SC Heerenveen,2010-02-22 00:00:00,35,30,45,45,60,30,30
26562,10228,SC Heerenveen,2011-02-22 00:00:00,49,48,52,67,52,58,60
26562,10228,SC Heerenveen,2012-02-22 00:00:00,67,53,48,75,39,45,44
26562,10228,SC Heerenveen,2013-09-20 00:00:00,47,37,48,52,42,46,44
26562,10228,SC Heerenveen,2014-09-19 00:00:00,53,46,65,43,46,46,44
26562,10228,SC Heerenveen,2015-09-10 00:00:00,54,56,65,43,44,46,44
26563,10229,AZ,2010-02-22 00:00:00,55,45,40,30,60,30,30
26563,10229,AZ,2011-02-22 00:00:00,45,31,45,74,66,60,50
26563,10229,AZ,2012-02-22 00:00:00,46,36,47,48,52,60,65
26563,10229,AZ,2013-09-20 00:00:00,62,40,67,48,52,50,65
26563,10229,AZ,2014-09-19 00:00:00,52,46,60,56,52,50,61
26563,10229,AZ,2015-09-10 00:00:00,50,58,67,56,50,50,61
26564,9761,NAC Breda,2010-02-22 00:00:00,30,35,35,40,60,30,30
26564,9761,NAC Breda,2011-02-22 00:00:00,33,44,35,40,60,42,47
26564,9761,NAC Breda,2012-02-22 00:00:00,40,48,48,47,42,43,48
26564,9761,NAC Breda,2013-09-20 00:00:00,58,53,48,47,46,43,48
26564,9761,NAC Breda,2014-09-19 00:00:00,46,54,32,42,42,43,39
26564,9761,NAC Breda,2015-09-10 00:00:00,45,59,32,42,54,36,39
27161,10219,RKC Waalwijk,2010-02-22 00:00:00,30,50,35,60,55,50,45
27161,10219,RKC Waalwijk,2012-02-22 00:00:00,47,48,42,38,55,41,41
27161,10219,RKC Waalwijk,2013-09-20 00:00:00,47,48,66,38,55,29,28
27161,10219,RKC Waalwijk,2014-09-19 00:00:00,57,55,42,36,55,31,30
27168,9839,VVV-Venlo,2010-02-22 00:00:00,50,50,50,50,50,50,50
27168,9839,VVV-Venlo,2011-02-22 00:00:00,50,42,50,62,50,38,47
27168,9839,VVV-Venlo,2012-02-22 00:00:00,41,52,48,60,47,46,55
27168,9839,VVV-Venlo,2013-09-20 00:00:00,41,52,60,52,52,29,42
27780,10218,Excelsior,2011-02-22 00:00:00,73,59,77,33,52,25,47
27780,10218,Excelsior,2012-02-22 00:00:00,47,52,63,45,37,23,30
27780,10218,Excelsior,2015-09-10 00:00:00,53,69,48,45,43,29,41
29000,6413,PEC Zwolle,2013-09-20 00:00:00,47,49,50,50,54,46,44
29000,6413,PEC Zwolle,2014-09-19 00:00:00,57,39,57,50,54,58,60
29000,6413,PEC Zwolle,2015-09-10 00:00:00,45,56,57,50,58,58,60
29617,7788,SC Cambuur,2014-09-19 00:00:00,45,42,46,56,57,42,49
29617,7788,SC Cambuur,2015-09-10 00:00:00,43,57,46,50,38,42,49
29624,6433,Go Ahead Eagles,2014-09-19 00:00:00,55,42,37,42,53,43,47
29624,6433,Go Ahead Eagles,2015-09-10 00:00:00,58,64,37,42,52,43,47
30222,6631,FC Dordrecht,2015-09-10 00:00:00,39,62,62,66,48,51,58
31443,10265,Wisła Kraków,2010-02-22 00:00:00,40,35,55,35,70,70,70
31443,10265,Wisła Kraków,2011-02-22 00:00:00,67,48,53,63,67,58,47
31443,10265,Wisła Kraków,2012-02-22 00:00:00,25,25,32,72,50,60,58
31443,10265,Wisła Kraków,2013-09-20 00:00:00,30,30,32,72,50,60,58
31443,10265,Wisła Kraków,2014-09-19 00:00:00,47,36,36,53,66,60,66
31443,10265,Wisła Kraków,2015-09-10 00:00:00,33,37,33,37,31,62,58
31444,8031,Polonia Bytom,2010-02-22 00:00:00,30,50,45,35,70,60,70
31444,8031,Polonia Bytom,2011-02-22 00:00:00,46,38,36,33,53,53,54
31445,8020,Polonia Bytom,2010-02-22 00:00:00,30,50,45,35,70,60,70
31445,8020,Polonia Bytom,2011-02-22 00:00:00,46,38,36,33,53,53,54
31446,1601,Ruch Chorzów,2010-02-22 00:00:00,30,40,50,35,70,65,60
31446,1601,Ruch Chorzów,2011-02-22 00:00:00,48,51,68,67,51,46,48
31446,1601,Ruch Chorzów,2012-02-22 00:00:00,53,55,44,65,50,43,44
31446,1601,Ruch Chorzów,2013-09-20 00:00:00,53,55,44,65,50,43,44
31446,1601,Ruch Chorzów,2014-09-19 00:00:00,53,38,66,65,50,43,44
31446,1601,Ruch Chorzów,2015-09-10 00:00:00,47,38,61,65,50,43,44
31447,8673,Legia Warszawa,2010-02-22 00:00:00,30,35,55,45,70,65,70
31447,8673,Legia Warszawa,2011-02-22 00:00:00,67,35,55,36,53,59,48
31447,8673,Legia Warszawa,2012-02-22 00:00:00,69,55,52,40,53,59,49
31447,8673,Legia Warszawa,2013-09-20 00:00:00,69,55,52,40,53,59,49
31447,8673,Legia Warszawa,2014-09-19 00:00:00,54,36,52,51,64,47,46
31447,8673,Legia Warszawa,2015-09-10 00:00:00,54,36,52,51,64,50,60
31448,2183,P. Warszawa,2010-02-22 00:00:00,30,40,45,40,70,55,65
31448,2183,P. Warszawa,2011-02-22 00:00:00,33,47,69,40,53,55,34
31448,2183,P. Warszawa,2012-02-22 00:00:00,34,45,39,67,74,31,32
31448,2183,P. Warszawa,2013-09-20 00:00:00,34,45,39,52,40,57,32
31449,8025,Śląsk Wrocław,2010-02-22 00:00:00,30,45,45,35,70,60,70
31449,8025,Śląsk Wrocław,2011-02-22 00:00:00,47,55,45,48,54,48,47
31449,8025,Śląsk Wrocław,2012-02-22 00:00:00,65,63,67,31,67,24,24
31449,8025,Śląsk Wrocław,2013-09-20 00:00:00,65,50,67,31,67,30,30
31449,8025,Śląsk Wrocław,2014-09-19 00:00:00,47,34,38,36,68,37,37
31449,8025,Śląsk Wrocław,2015-09-10 00:00:00,50,35,51,51,55,45,55
31450,8030,Lechia Gdańsk,2010-02-22 00:00:00,30,45,45,35,70,70,70
31450,8030,Lechia Gdańsk,2011-02-22 00:00:00,63,37,68,30,52,46,60
31450,8030,Lechia Gdańsk,2012-02-22 00:00:00,44,52,50,53,68,49,48
31450,8030,Lechia Gdańsk,2013-09-20 00:00:00,44,52,50,53,68,49,59
31450,8030,Lechia Gdańsk,2014-09-19 00:00:00,62,52,50,63,52,37,58
31450,8030,Lechia Gdańsk,2015-09-10 00:00:00,62,52,66,59,58,51,58
31451,8244,Widzew Łódź,2011-02-22 00:00:00,63,48,48,68,53,37,58
31451,8244,Widzew Łódź,2012-02-22 00:00:00,66,72,70,61,54,32,32
31451,8244,Widzew Łódź,2013-09-20 00:00:00,66,59,43,61,54,32,43
31451,8244,Widzew Łódź,2014-09-19 00:00:00,66,72,66,67,51,36,38
31452,8242,Odra Wodzisław,2010-02-22 00:00:00,30,45,45,40,70,70,70
31453,2182,Lech Poznań,2010-02-22 00:00:00,40,35,45,40,70,60,55
31453,2182,Lech Poznań,2011-02-22 00:00:00,64,57,68,48,70,59,37
31453,2182,Lech Poznań,2012-02-22 00:00:00,67,54,56,62,67,47,47
31453,2182,Lech Poznań,2013-09-20 00:00:00,67,54,56,62,67,47,47
31453,2182,Lech Poznań,2014-09-19 00:00:00,67,54,56,62,67,47,47
31453,2182,Lech Poznań,2015-09-10 00:00:00,57,40,59,70,67,50,58
31454,8569,GKS Bełchatów,2010-02-22 00:00:00,30,50,45,40,70,65,70
31454,8569,GKS Bełchatów,2011-02-22 00:00:00,47,27,45,51,54,48,60
31454,8569,GKS Bełchatów,2012-02-22 00:00:00,52,67,52,73,50,47,45
31454,8569,GKS Bełchatów,2013-09-20 00:00:00,52,43,52,37,50,47,45
31454,8569,GKS Bełchatów,2015-09-10 00:00:00,52,43,52,37,50,47,45
31455,8322,Arka Gdynia,2010-02-22 00:00:00,30,45,45,35,70,65,70
31455,8322,Arka Gdynia,2011-02-22 00:00:00,46,37,33,62,52,47,48
31456,1957,Jagiellonia Białystok,2010-02-22 00:00:00,30,50,45,35,70,70,70
31456,1957,Jagiellonia Białystok,2011-02-22 00:00:00,33,52,48,39,64,32,56
31456,1957,Jagiellonia Białystok,2012-02-22 00:00:00,58,69,53,42,68,40,50
31456,1957,Jagiellonia Białystok,2013-09-20 00:00:00,58,69,53,42,68,40,50
31456,1957,Jagiellonia Białystok,2014-09-19 00:00:00,38,38,53,27,66,57,56
31456,1957,Jagiellonia Białystok,2015-09-10 00:00:00,66,38,53,33,66,57,56
31457,8028,Piast Gliwice,2010-02-22 00:00:00,30,45,45,35,70,65,70
31457,8028,Piast Gliwice,2013-09-20 00:00:00,30,46,48,37,39,32,45
31457,8028,Piast Gliwice,2014-09-19 00:00:00,64,67,64,66,39,36,45
31457,8028,Piast Gliwice,2015-09-10 00:00:00,64,67,64,66,39,36,45
31458,2186,Cracovia,2010-02-22 00:00:00,30,45,40,35,65,70,70
31458,2186,Cracovia,2011-02-22 00:00:00,46,51,48,48,52,48,33
31458,2186,Cracovia,2012-02-22 00:00:00,57,59,57,33,78,59,51
31458,2186,Cracovia,2014-09-19 00:00:00,37,38,66,66,33,59,34
31458,2186,Cracovia,2015-09-10 00:00:00,37,38,66,66,33,59,34
31925,8245,Korona Kielce,2010-02-22 00:00:00,30,45,45,35,70,50,70
31925,8245,Korona Kielce,2011-02-22 00:00:00,67,66,49,49,69,57,48
31925,8245,Korona Kielce,2012-02-22 00:00:00,75,62,48,53,68,58,43
31925,8245,Korona Kielce,2013-09-20 00:00:00,70,50,48,53,68,58,43
31925,8245,Korona Kielce,2014-09-19 00:00:00,73,50,64,53,36,30,43
31925,8245,Korona Kielce,2015-09-10 00:00:00,59,50,64,53,36,30,43
31928,8021,Zagłębie Lubin,2010-02-22 00:00:00,55,60,30,40,70,70,70
31928,8021,Zagłębie Lubin,2011-02-22 00:00:00,54,37,48,38,37,47,58
31928,8021,Zagłębie Lubin,2012-02-22 00:00:00,33,38,67,52,73,58,47
31928,8021,Zagłębie Lubin,2013-09-20 00:00:00,33,38,67,52,48,58,47
31928,8021,Zagłębie Lubin,2014-09-19 00:00:00,33,51,38,63,48,58,38
32409,8024,Widzew Łódź,2011-02-22 00:00:00,63,48,48,68,53,37,58
32409,8024,Widzew Łódź,2012-02-22 00:00:00,66,72,70,61,54,32,32
32409,8024,Widzew Łódź,2013-09-20 00:00:00,66,59,43,61,54,32,43
32409,8024,Widzew Łódź,2014-09-19 00:00:00,66,72,66,67,51,36,38
32891,8033,Podbeskidzie Bielsko-Biała,2012-02-22 00:00:00,54,51,48,47,42,47,57
32891,8033,Podbeskidzie Bielsko-Biała,2013-09-20 00:00:00,54,51,48,47,42,47,57
32891,8033,Podbeskidzie Bielsko-Biała,2014-09-19 00:00:00,72,66,66,51,49,29,35
32891,8033,Podbeskidzie Bielsko-Biała,2015-09-10 00:00:00,68,66,66,51,49,29,35
33377,8023,Pogoń Szczecin,2013-09-20 00:00:00,67,54,56,62,67,47,47
33377,8023,Pogoń Szczecin,2014-09-19 00:00:00,50,36,52,36,52,50,60
33377,8023,Pogoń Szczecin,2015-09-10 00:00:00,50,36,52,40,52,57,54
33855,8027,Zawisza Bydgoszcz,2014-09-19 00:00:00,54,40,67,49,52,44,47
33855,8027,Zawisza Bydgoszcz,2015-09-10 00:00:00,54,40,46,49,52,44,47
34337,8019,Górnik Łęczna,2015-09-10 00:00:00,41,59,41,44,54,52,47
35283,9773,FC Porto,2010-02-22 00:00:00,30,30,60,60,60,30,30
35283,9773,FC Porto,2011-02-22 00:00:00,50,50,50,65,65,55,43
35283,9773,FC Porto,2012-02-22 00:00:00,52,53,56,72,68,61,49
35283,9773,FC Porto,2013-09-20 00:00:00,52,53,56,72,68,58,60
35283,9773,FC Porto,2014-09-19 00:00:00,52,53,56,66,68,58,60
35283,9773,FC Porto,2015-09-10 00:00:00,70,53,56,66,68,58,60
35284,9807,CF Os Belenenses,2010-02-22 00:00:00,30,30,55,45,60,30,30
35284,9807,CF Os Belenenses,2014-09-19 00:00:00,52,52,40,37,48,38,48
35284,9807,CF Os Belenenses,2015-09-10 00:00:00,51,52,43,37,48,38,48
35285,9768,Sporting CP,2010-02-22 00:00:00,30,30,55,60,55,30,30
35285,9768,Sporting CP,2011-02-22 00:00:00,50,35,65,65,35,55,45
35285,9768,Sporting CP,2012-02-22 00:00:00,53,56,67,68,69,52,49
35285,9768,Sporting CP,2013-09-20 00:00:00,53,56,67,68,60,52,49
35285,9768,Sporting CP,2014-09-19 00:00:00,55,56,42,50,55,60,60
35285,9768,Sporting CP,2015-09-10 00:00:00,57,56,42,50,55,60,60
35287,7844,Vitória Guimarães,2010-02-22 00:00:00,30,30,55,55,55,30,30
35287,7844,Vitória Guimarães,2011-02-22 00:00:00,65,47,65,50,49,55,55
35287,7844,Vitória Guimarães,2012-02-22 00:00:00,40,39,53,68,58,50,59
35287,7844,Vitória Guimarães,2013-09-20 00:00:00,40,39,53,68,58,50,59
35287,7844,Vitória Guimarães,2014-09-19 00:00:00,40,39,53,62,58,37,40
35287,7844,Vitória Guimarães,2015-09-10 00:00:00,40,39,53,62,58,37,40
35288,10238,Vitória Setúbal,2010-02-22 00:00:00,30,30,60,50,55,30,30
35288,10238,Vitória Setúbal,2011-02-22 00:00:00,50,50,50,65,50,35,55
35288,10238,Vitória Setúbal,2012-02-22 00:00:00,56,42,54,52,52,37,37
35288,10238,Vitória Setúbal,2013-09-20 00:00:00,56,42,54,52,52,37,37
35288,10238,Vitória Setúbal,2014-09-19 00:00:00,56,42,54,52,52,37,37
35288,10238,Vitória Setúbal,2015-09-10 00:00:00,58,42,54,52,52,37,37
35289,6403,FC Paços de Ferreira,2010-02-22 00:00:00,30,30,50,60,60,30,30
35289,6403,FC Paços de Ferreira,2011-02-22 00:00:00,50,50,50,49,49,45,55
35289,6403,FC Paços de Ferreira,2012-02-22 00:00:00,38,39,52,53,52,36,39
35289,6403,FC Paços de Ferreira,2013-09-20 00:00:00,50,39,52,53,52,36,39
35289,6403,FC Paços de Ferreira,2014-09-19 00:00:00,38,39,52,53,52,36,39
35289,6403,FC Paços de Ferreira,2015-09-10 00:00:00,63,39,64,53,52,36,39
35290,10264,SC Braga,2010-02-22 00:00:00,30,30,55,50,60,30,30
35290,10264,SC Braga,2011-02-22 00:00:00,30,30,55,50,60,40,60
35290,10264,SC Braga,2012-02-22 00:00:00,53,46,53,53,52,23,48
35290,10264,SC Braga,2013-09-20 00:00:00,66,54,53,53,52,25,56
35290,10264,SC Braga,2014-09-19 00:00:00,53,55,53,65,39,25,56
35290,10264,SC Braga,2015-09-10 00:00:00,55,55,62,65,39,25,56
35292,10215,Académica de Coimbra,2010-02-22 00:00:00,30,30,50,60,55,30,30
35292,10215,Académica de Coimbra,2011-02-22 00:00:00,30,50,50,50,55,30,45
35292,10215,Académica de Coimbra,2012-02-22 00:00:00,45,44,55,57,60,52,38
35292,10215,Académica de Coimbra,2013-09-20 00:00:00,45,44,55,57,60,52,38
35292,10215,Académica de Coimbra,2014-09-19 00:00:00,52,44,55,51,60,39,38
35292,10215,Académica de Coimbra,2015-09-10 00:00:00,53,44,55,51,60,39,38
35293,7841,Rio Ave FC,2010-02-22 00:00:00,30,30,45,55,60,30,30
35293,7841,Rio Ave FC,2011-02-22 00:00:00,50,50,65,65,50,45,45
35293,7841,Rio Ave FC,2012-02-22 00:00:00,36,38,60,54,54,39,50
35293,7841,Rio Ave FC,2013-09-20 00:00:00,36,38,60,54,54,39,50
35293,7841,Rio Ave FC,2014-09-19 00:00:00,66,44,58,65,54,39,48
35293,7841,Rio Ave FC,2015-09-10 00:00:00,66,44,58,65,54,39,48
35294,9772,SL Benfica,2010-02-22 00:00:00,30,30,50,55,65,30,30
35294,9772,SL Benfica,2011-02-22 00:00:00,65,35,65,55,51,55,56
35294,9772,SL Benfica,2012-02-22 00:00:00,55,48,69,56,54,61,51
35294,9772,SL Benfica,2013-09-20 00:00:00,65,54,69,56,54,60,58
35294,9772,SL Benfica,2014-09-19 00:00:00,70,53,65,66,54,60,57
35294,9772,SL Benfica,2015-09-10 00:00:00,69,53,65,66,54,60,57
35295,6421,Leixões SC,2010-02-22 00:00:00,30,30,50,50,65,30,30
35296,10214,CD Nacional,2010-02-22 00:00:00,45,30,60,55,50,30,30
35296,10214,CD Nacional,2011-02-22 00:00:00,47,30,60,55,50,35,55
35296,10214,CD Nacional,2012-02-22 00:00:00,41,43,53,59,53,49,50
35296,10214,CD Nacional,2013-09-20 00:00:00,41,43,53,59,53,49,50
35296,10214,CD Nacional,2014-09-19 00:00:00,41,43,53,44,53,42,42
35296,10214,CD Nacional,2015-09-10 00:00:00,65,43,53,44,53,42,42
35297,9809,Naval 1° de Maio,2010-02-22 00:00:00,30,30,45,50,70,30,30
35297,9809,Naval 1° de Maio,2011-02-22 00:00:00,50,65,35,50,50,45,41
35298,10212,CS Marítimo,2010-02-22 00:00:00,30,30,55,50,65,30,30
35298,10212,CS Marítimo,2011-02-22 00:00:00,30,30,55,60,50,49,45
35298,10212,CS Marítimo,2012-02-22 00:00:00,38,44,54,76,55,38,49
35298,10212,CS Marítimo,2013-09-20 00:00:00,38,44,54,76,55,38,49
35298,10212,CS Marítimo,2014-09-19 00:00:00,67,66,67,64,55,37,45
35298,10212,CS Marítimo,2015-09-10 00:00:00,61,66,67,64,55,38,49
35769,9771,"União de Leiria, SAD",2010-02-22 00:00:00,50,50,50,50,50,50,50
35769,9771,"União de Leiria, SAD",2011-02-22 00:00:00,50,50,50,50,50,50,50
35769,9771,"União de Leiria, SAD",2012-02-22 00:00:00,36,36,52,50,46,53,45
35774,2033,S.C. Olhanense,2010-02-22 00:00:00,45,55,50,60,45,50,45
35774,2033,S.C. Olhanense,2011-02-22 00:00:00,65,55,50,50,65,50,45
35774,2033,S.C. Olhanense,2012-02-22 00:00:00,45,40,53,37,44,37,24
35774,2033,S.C. Olhanense,2013-09-20 00:00:00,45,52,53,37,43,37,31
35774,2033,S.C. Olhanense,2014-09-19 00:00:00,45,40,53,37,44,37,24
36253,10211,SC Beira Mar,2011-02-22 00:00:00,48,46,50,50,57,47,55
36253,10211,SC Beira Mar,2012-02-22 00:00:00,39,48,53,53,59,37,52
36253,10211,SC Beira Mar,2013-09-20 00:00:00,39,48,53,53,59,37,52
36735,9764,Gil Vicente FC,2012-02-22 00:00:00,46,41,54,52,46,39,57
36735,9764,Gil Vicente FC,2013-09-20 00:00:00,46,41,54,52,46,39,57
36735,9764,Gil Vicente FC,2014-09-19 00:00:00,65,41,54,47,46,39,40
36735,9764,Gil Vicente FC,2015-09-10 00:00:00,68,41,54,47,46,39,40
37210,8348,Moreirense FC,2013-09-20 00:00:00,38,43,51,54,39,44,46
37210,8348,Moreirense FC,2015-09-10 00:00:00,38,43,51,54,39,44,46
37214,7842,Estoril Praia,2013-09-20 00:00:00,66,52,47,53,39,46,49
37214,7842,Estoril Praia,2014-09-19 00:00:00,66,52,47,53,39,46,49
37214,7842,Estoril Praia,2015-09-10 00:00:00,59,52,47,53,39,46,49
37696,158085,FC Arouca,2014-09-19 00:00:00,69,39,55,59,46,35,37
37696,158085,FC Arouca,2015-09-10 00:00:00,65,39,55,59,46,37,39
38173,6547,FC Penafiel,2015-09-10 00:00:00,54,39,52,56,38,40,35
38176,8613,Boavista FC,2015-09-10 00:00:00,47,50,37,38,53,32,62
39387,8596,Falkirk,2010-02-22 00:00:00,70,70,60,70,70,60,70
39388,8548,Rangers,2010-02-22 00:00:00,65,50,70,70,70,60,70
39388,8548,Rangers,2011-02-22 00:00:00,51,33,48,67,79,46,47
39388,8548,Rangers,2012-02-22 00:00:00,45,45,38,62,60,48,48
39388,8548,Rangers,2013-09-20 00:00:00,55,45,38,52,60,48,48
39388,8548,Rangers,2014-09-19 00:00:00,45,45,38,62,60,48,48
39388,8548,Rangers,2015-09-10 00:00:00,45,55,38,62,53,48,48
39389,9860,Heart of Midlothian,2010-02-22 00:00:00,70,70,70,70,70,60,70
39389,9860,Heart of Midlothian,2011-02-22 00:00:00,66,53,53,68,66,56,68
39389,9860,Heart of Midlothian,2012-02-22 00:00:00,55,62,55,60,60,50,52
39389,9860,Heart of Midlothian,2013-09-20 00:00:00,52,53,59,60,64,52,53
39389,9860,Heart of Midlothian,2014-09-19 00:00:00,55,62,55,61,60,49,52
39390,9927,Motherwell,2010-02-22 00:00:00,70,70,70,70,65,60,70
39390,9927,Motherwell,2011-02-22 00:00:00,48,49,52,52,48,47,46
39390,9927,Motherwell,2012-02-22 00:00:00,70,55,40,46,60,38,42
39390,9927,Motherwell,2013-09-20 00:00:00,67,54,49,47,58,39,43
39390,9927,Motherwell,2014-09-19 00:00:00,70,55,42,47,60,41,43
39390,9927,Motherwell,2015-09-10 00:00:00,64,55,44,45,27,37,44
39391,8597,Kilmarnock,2010-02-22 00:00:00,70,70,70,70,65,60,70
39391,8597,Kilmarnock,2011-02-22 00:00:00,36,36,37,52,51,48,43
39391,8597,Kilmarnock,2012-02-22 00:00:00,56,61,55,48,46,43,43
39391,8597,Kilmarnock,2013-09-20 00:00:00,53,54,55,50,49,47,49
39391,8597,Kilmarnock,2014-09-19 00:00:00,56,61,56,48,46,44,44
39391,8597,Kilmarnock,2015-09-10 00:00:00,50,60,49,62,47,46,46
39392,10251,Hibernian,2010-02-22 00:00:00,70,70,60,70,70,60,70
39392,10251,Hibernian,2011-02-22 00:00:00,48,51,52,64,52,47,47
39392,10251,Hibernian,2012-02-22 00:00:00,55,44,46,48,44,42,40
39392,10251,Hibernian,2013-09-20 00:00:00,60,46,58,48,44,47,46
39392,10251,Hibernian,2014-09-19 00:00:00,55,44,47,43,49,43,41
39393,8485,Aberdeen,2010-02-22 00:00:00,70,70,70,70,70,60,70
39393,8485,Aberdeen,2011-02-22 00:00:00,47,52,53,48,52,47,47
39393,8485,Aberdeen,2012-02-22 00:00:00,58,62,45,70,55,40,40
39393,8485,Aberdeen,2013-09-20 00:00:00,62,45,40,50,55,42,42
39393,8485,Aberdeen,2014-09-19 00:00:00,58,62,56,68,57,41,42
39393,8485,Aberdeen,2015-09-10 00:00:00,59,53,51,72,63,49,45
39394,8066,Inverness Caledonian Thistle,2011-02-22 00:00:00,36,67,66,37,51,37,57
39394,8066,Inverness Caledonian Thistle,2012-02-22 00:00:00,61,59,48,52,54,40,40
39394,8066,Inverness Caledonian Thistle,2013-09-20 00:00:00,35,54,56,54,61,47,46
39394,8066,Inverness Caledonian Thistle,2014-09-19 00:00:00,61,59,50,57,55,43,41
39394,8066,Inverness Caledonian Thistle,2015-09-10 00:00:00,48,32,57,48,69,44,44
39395,9925,Celtic,2010-02-22 00:00:00,70,70,65,70,70,60,70
39395,9925,Celtic,2011-02-22 00:00:00,54,52,52,67,51,46,46
39395,9925,Celtic,2012-02-22 00:00:00,70,58,54,58,60,50,50
39395,9925,Celtic,2013-09-20 00:00:00,50,53,57,58,60,55,51
39395,9925,Celtic,2014-09-19 00:00:00,70,58,55,61,62,51,54
39395,9925,Celtic,2015-09-10 00:00:00,54,53,51,51,62,58,55
39396,9800,St. Mirren,2010-02-22 00:00:00,70,70,70,70,70,60,70
39396,9800,St. Mirren,2011-02-22 00:00:00,48,48,52,48,48,43,44
39396,9800,St. Mirren,2012-02-22 00:00:00,60,75,62,45,60,50,48
39396,9800,St. Mirren,2013-09-20 00:00:00,42,43,47,46,60,53,49
39396,9800,St. Mirren,2014-09-19 00:00:00,58,70,62,56,61,50,49
39396,9800,St. Mirren,2015-09-10 00:00:00,38,33,53,58,53,60,58
39397,8429,Hamilton Academical FC,2010-02-22 00:00:00,70,70,70,70,60,60,65
39397,8429,Hamilton Academical FC,2011-02-22 00:00:00,66,52,52,53,34,46,47
39397,8429,Hamilton Academical FC,2015-09-10 00:00:00,48,47,73,53,71,55,48
39398,9938,Dundee United,2010-02-22 00:00:00,70,70,65,70,70,60,70
39398,9938,Dundee United,2011-02-22 00:00:00,68,53,67,53,67,57,57
39398,9938,Dundee United,2012-02-22 00:00:00,60,60,50,50,35,40,38
39398,9938,Dundee United,2013-09-20 00:00:00,53,52,55,53,42,41,41
39398,9938,Dundee United,2014-09-19 00:00:00,60,60,52,55,38,41,40
39398,9938,Dundee United,2015-09-10 00:00:00,60,53,55,49,45,48,42
39853,8467,St. Johnstone FC,2010-02-22 00:00:00,70,50,50,50,50,30,70
39853,8467,St. Johnstone FC,2011-02-22 00:00:00,67,48,47,47,54,33,47
39853,8467,St. Johnstone FC,2012-02-22 00:00:00,57,57,46,48,38,42,38
39853,8467,St. Johnstone FC,2013-09-20 00:00:00,60,58,48,49,38,44,42
39853,8467,St. Johnstone FC,2014-09-19 00:00:00,56,57,47,49,40,40,40
39853,8467,St. Johnstone FC,2015-09-10 00:00:00,62,48,47,49,40,37,48
40757,8457,Dunfermline Athletic,2012-02-22 00:00:00,55,60,46,68,54,42,43
41216,8284,Dundee FC,2013-09-20 00:00:00,50,49,38,60,53,48,47
41216,8284,Dundee FC,2015-09-10 00:00:00,47,48,32,61,65,50,44
41217,8649,Ross County FC,2013-09-20 00:00:00,35,62,50,36,50,40,56
41217,8649,Ross County FC,2014-09-19 00:00:00,34,34,44,38,38,39,51
41217,8649,Ross County FC,2015-09-10 00:00:00,45,60,46,49,58,36,53
41673,8426,Partick Thistle F.C.,2014-09-19 00:00:00,48,37,49,50,52,47,44
41673,8426,Partick Thistle F.C.,2015-09-10 00:00:00,48,47,47,53,60,46,46
43035,10267,Valencia CF,2010-02-22 00:00:00,30,30,55,60,70,55,60
43035,10267,Valencia CF,2011-02-22 00:00:00,41,40,56,55,64,40,48
43035,10267,Valencia CF,2012-02-22 00:00:00,20,35,38,56,55,51,38
43035,10267,Valencia CF,2013-09-20 00:00:00,20,35,38,56,55,51,38
43035,10267,Valencia CF,2014-09-19 00:00:00,30,35,38,56,55,51,38
43035,10267,Valencia CF,2015-09-10 00:00:00,35,35,37,51,58,49,45
43036,8661,RCD Mallorca,2010-02-22 00:00:00,40,40,50,40,50,45,40
43036,8661,RCD Mallorca,2011-02-22 00:00:00,53,52,55,52,53,47,48
43036,8661,RCD Mallorca,2012-02-22 00:00:00,58,57,53,57,53,59,41
43036,8661,RCD Mallorca,2013-09-20 00:00:00,62,57,53,57,53,59,41
43036,8661,RCD Mallorca,2014-09-19 00:00:00,62,57,53,57,53,59,41
43036,8661,RCD Mallorca,2015-09-10 00:00:00,62,57,53,57,53,59,41
43037,8371,CA Osasuna,2010-02-22 00:00:00,35,35,45,65,55,30,65
43037,8371,CA Osasuna,2011-02-22 00:00:00,55,54,56,69,68,48,61
43037,8371,CA Osasuna,2012-02-22 00:00:00,34,52,55,59,54,47,52
43037,8371,CA Osasuna,2013-09-20 00:00:00,38,52,55,59,54,47,52
43037,8371,CA Osasuna,2014-09-19 00:00:00,38,52,55,59,54,47,52
43037,8371,CA Osasuna,2015-09-10 00:00:00,38,52,55,59,54,47,52
43038,10205,Villarreal CF,2010-02-22 00:00:00,64,30,55,35,70,65,30
43038,10205,Villarreal CF,2011-02-22 00:00:00,42,41,53,38,70,50,48
43038,10205,Villarreal CF,2012-02-22 00:00:00,20,26,43,57,58,51,51
43038,10205,Villarreal CF,2013-09-20 00:00:00,24,26,43,57,58,51,51
43038,10205,Villarreal CF,2014-09-19 00:00:00,35,35,43,57,58,51,51
43038,10205,Villarreal CF,2015-09-10 00:00:00,48,36,36,52,55,47,48
43039,9783,RC Deportivo de La Coruña,2010-02-22 00:00:00,30,30,30,45,65,35,35
43039,9783,RC Deportivo de La Coruña,2011-02-22 00:00:00,56,42,57,69,61,38,44
43039,9783,RC Deportivo de La Coruña,2012-02-22 00:00:00,56,46,38,52,68,45,50
43039,9783,RC Deportivo de La Coruña,2013-09-20 00:00:00,56,46,38,52,68,45,50
43039,9783,RC Deportivo de La Coruña,2014-09-19 00:00:00,56,46,38,52,68,45,50
43039,9783,RC Deportivo de La Coruña,2015-09-10 00:00:00,53,47,38,52,55,45,50
43040,8633,Real Madrid CF,2010-02-22 00:00:00,55,30,70,60,70,65,40
43040,8633,Real Madrid CF,2011-02-22 00:00:00,54,39,67,60,67,68,55
43040,8633,Real Madrid CF,2012-02-22 00:00:00,45,35,71,54,73,49,60
43040,8633,Real Madrid CF,2013-09-20 00:00:00,50,41,68,54,72,39,49
43040,8633,Real Madrid CF,2014-09-19 00:00:00,50,41,68,54,69,39,49
43040,8633,Real Madrid CF,2015-09-10 00:00:00,50,46,61,41,63,52,60
43041,8388,CD Numancia,2010-02-22 00:00:00,55,40,50,55,55,30,55
43041,8388,CD Numancia,2011-02-22 00:00:00,71,53,38,53,53,40,49
43041,8388,CD Numancia,2012-02-22 00:00:00,44,45,54,41,57,50,46
43041,8388,CD Numancia,2013-09-20 00:00:00,44,45,54,41,57,50,46
43041,8388,CD Numancia,2014-09-19 00:00:00,44,45,54,41,57,50,46
43041,8388,CD Numancia,2015-09-10 00:00:00,44,45,54,41,57,50,46
43042,8634,FC Barcelona,2010-02-22 00:00:00,42,30,65,40,70,70,30
43042,8634,FC Barcelona,2011-02-22 00:00:00,43,34,59,25,68,67,43
43042,8634,FC Barcelona,2012-02-22 00:00:00,24,25,37,24,54,66,63
43042,8634,FC Barcelona,2013-09-20 00:00:00,35,32,37,31,35,61,63
43042,8634,FC Barcelona,2014-09-19 00:00:00,35,32,37,31,35,61,63
43042,8634,FC Barcelona,2015-09-10 00:00:00,36,51,36,49,56,61,65
43043,8696,Racing Santander,2010-02-22 00:00:00,45,55,70,70,65,45,55
43043,8696,Racing Santander,2011-02-22 00:00:00,53,56,73,72,39,47,37
43043,8696,Racing Santander,2012-02-22 00:00:00,43,44,61,71,50,50,50
43043,8696,Racing Santander,2013-09-20 00:00:00,47,44,61,71,50,50,50
43043,8696,Racing Santander,2015-09-10 00:00:00,48,47,53,53,53,51,47
43044,8302,Sevilla FC,2010-02-22 00:00:00,30,30,70,60,70,60,70
43044,8302,Sevilla FC,2011-02-22 00:00:00,68,58,68,67,71,57,58
43044,8302,Sevilla FC,2012-02-22 00:00:00,61,65,53,57,38,38,49
43044,8302,Sevilla FC,2013-09-20 00:00:00,65,65,53,57,38,38,49
43044,8302,Sevilla FC,2014-09-19 00:00:00,65,65,53,57,38,38,49
43044,8302,Sevilla FC,2015-09-10 00:00:00,53,53,53,52,60,42,48
43045,9869,Real Sporting de Gijón,2010-02-22 00:00:00,70,55,65,50,70,70,70
43045,9869,Real Sporting de Gijón,2011-02-22 00:00:00,68,53,67,51,65,58,51
43045,9869,Real Sporting de Gijón,2012-02-22 00:00:00,51,43,68,61,44,36,60
43045,9869,Real Sporting de Gijón,2013-09-20 00:00:00,55,43,68,61,44,36,60
43045,9869,Real Sporting de Gijón,2014-09-19 00:00:00,55,43,68,61,44,36,60
43045,9869,Real Sporting de Gijón,2015-09-10 00:00:00,55,50,62,59,38,45,54
43046,8305,Getafe CF,2010-02-22 00:00:00,30,35,35,50,70,40,30
43046,8305,Getafe CF,2011-02-22 00:00:00,54,45,38,54,57,59,39
43046,8305,Getafe CF,2012-02-22 00:00:00,25,40,58,42,52,49,45
43046,8305,Getafe CF,2013-09-20 00:00:00,29,40,58,42,52,49,45
43046,8305,Getafe CF,2014-09-19 00:00:00,35,40,58,42,52,49,45
43046,8305,Getafe CF,2015-09-10 00:00:00,34,38,55,39,49,43,42
43047,8603,Real Betis Balompié,2010-02-22 00:00:00,45,45,30,50,55,50,45
43047,8603,Real Betis Balompié,2011-02-22 00:00:00,37,51,68,66,72,42,40
43047,8603,Real Betis Balompié,2012-02-22 00:00:00,55,37,59,43,53,58,49
43047,8603,Real Betis Balompié,2013-09-20 00:00:00,59,37,59,43,53,58,49
43047,8603,Real Betis Balompié,2014-09-19 00:00:00,59,37,59,43,53,58,49
43047,8603,Real Betis Balompié,2015-09-10 00:00:00,59,37,59,43,53,58,49
43048,8479,RC Recreativo,2010-02-22 00:00:00,50,40,40,40,50,35,55
43048,8479,RC Recreativo,2011-02-22 00:00:00,45,58,41,42,52,39,39
43048,8479,RC Recreativo,2012-02-22 00:00:00,41,54,67,50,23,40,49
43048,8479,RC Recreativo,2013-09-20 00:00:00,41,54,45,50,23,40,49
43048,8479,RC Recreativo,2014-09-19 00:00:00,41,54,45,50,35,40,49
43048,8479,RC Recreativo,2015-09-10 00:00:00,37,43,30,42,37,40,49
43049,8558,RCD Espanyol,2010-02-22 00:00:00,55,40,70,55,70,70,50
43049,8558,RCD Espanyol,2011-02-22 00:00:00,68,55,72,70,54,51,58
43049,8558,RCD Espanyol,2012-02-22 00:00:00,46,44,52,60,40,37,40
43049,8558,RCD Espanyol,2013-09-20 00:00:00,50,44,52,60,40,37,40
43049,8558,RCD Espanyol,2014-09-19 00:00:00,50,44,52,60,40,37,40
43049,8558,RCD Espanyol,2015-09-10 00:00:00,50,44,52,60,40,37,40
43050,10281,Real Valladolid,2010-02-22 00:00:00,55,40,45,30,60,30,65
43050,10281,Real Valladolid,2011-02-22 00:00:00,54,55,44,60,62,43,52
43050,10281,Real Valladolid,2012-02-22 00:00:00,55,54,58,73,41,51,50
43050,10281,Real Valladolid,2013-09-20 00:00:00,55,54,58,73,41,51,50
43050,10281,Real Valladolid,2014-09-19 00:00:00,55,54,58,68,41,51,50
43050,10281,Real Valladolid,2015-09-10 00:00:00,43,65,39,51,57,47,40
43051,8315,Athletic Club de Bilbao,2010-02-22 00:00:00,60,45,35,70,55,30,70
43051,8315,Athletic Club de Bilbao,2011-02-22 00:00:00,70,69,55,72,57,48,67
43051,8315,Athletic Club de Bilbao,2012-02-22 00:00:00,42,59,36,78,59,37,60
43051,8315,Athletic Club de Bilbao,2013-09-20 00:00:00,46,38,52,73,37,37,60
43051,8315,Athletic Club de Bilbao,2014-09-19 00:00:00,46,38,52,68,37,37,60
43051,8315,Athletic Club de Bilbao,2015-09-10 00:00:00,46,39,50,60,36,49,57
43052,9865,UD Almería,2010-02-22 00:00:00,65,45,45,45,70,70,65
43052,9865,UD Almería,2011-02-22 00:00:00,55,53,57,54,69,58,68
43052,9865,UD Almería,2012-02-22 00:00:00,42,70,57,54,40,37,53
43052,9865,UD Almería,2013-09-20 00:00:00,46,65,57,54,40,37,53
43052,9865,UD Almería,2014-09-19 00:00:00,46,65,57,54,40,37,53
43052,9865,UD Almería,2015-09-10 00:00:00,46,65,57,54,40,37,53
43053,9906,Atlético Madrid,2010-02-22 00:00:00,64,30,65,50,70,70,34
43053,9906,Atlético Madrid,2011-02-22 00:00:00,57,54,58,69,79,58,48
43053,9906,Atlético Madrid,2012-02-22 00:00:00,47,51,67,63,54,52,37
43053,9906,Atlético Madrid,2013-09-20 00:00:00,47,51,70,65,54,52,37
43053,9906,Atlético Madrid,2014-09-19 00:00:00,47,51,67,67,54,52,37
43053,9906,Atlético Madrid,2015-09-10 00:00:00,57,50,61,62,49,49,42
43054,9864,Málaga CF,2010-02-22 00:00:00,60,55,40,45,70,45,65
43054,9864,Málaga CF,2011-02-22 00:00:00,58,54,54,55,61,45,47
43054,9864,Málaga CF,2012-02-22 00:00:00,41,36,72,69,50,64,58
43054,9864,Málaga CF,2013-09-20 00:00:00,45,36,72,69,50,64,58
43054,9864,Málaga CF,2014-09-19 00:00:00,45,36,69,69,50,64,58
43054,9864,Málaga CF,2015-09-10 00:00:00,42,36,41,40,50,47,37
43800,9868,Xerez Club Deportivo,2010-02-22 00:00:00,30,30,45,35,70,45,50
43800,9868,Xerez Club Deportivo,2011-02-22 00:00:00,40,58,56,54,49,46,52
43800,9868,Xerez Club Deportivo,2012-02-22 00:00:00,60,44,40,57,41,49,54
43800,9868,Xerez Club Deportivo,2013-09-20 00:00:00,60,44,40,57,41,49,54
43803,8394,Real Zaragoza,2010-02-22 00:00:00,30,30,50,35,70,40,30
43803,8394,Real Zaragoza,2011-02-22 00:00:00,43,40,46,38,42,38,40
43803,8394,Real Zaragoza,2012-02-22 00:00:00,34,23,53,56,57,51,46
43803,8394,Real Zaragoza,2013-09-20 00:00:00,38,23,53,56,57,51,46
43803,8394,Real Zaragoza,2014-09-19 00:00:00,38,35,53,56,57,51,46
43803,8394,Real Zaragoza,2015-09-10 00:00:00,52,50,52,56,57,48,43
43804,9867,CD Tenerife,2010-02-22 00:00:00,30,30,45,30,65,50,30
43804,9867,CD Tenerife,2011-02-22 00:00:00,56,51,68,52,60,57,50
43804,9867,CD Tenerife,2014-09-19 00:00:00,56,57,56,51,54,52,50
43804,9867,CD Tenerife,2015-09-10 00:00:00,56,57,56,51,54,52,50
44557,10278,Hércules Club de Fútbol,2010-02-22 00:00:00,40,30,50,35,70,35,35
44557,10278,Hércules Club de Fútbol,2011-02-22 00:00:00,54,55,53,40,59,48,58
44557,10278,Hércules Club de Fútbol,2012-02-22 00:00:00,53,54,60,58,60,50,52
44557,10278,Hércules Club de Fútbol,2013-09-20 00:00:00,53,54,60,58,60,50,52
44557,10278,Hércules Club de Fútbol,2014-09-19 00:00:00,53,54,60,58,60,50,52
44565,8581,Levante UD,2010-02-22 00:00:00,30,30,45,40,70,30,35
44565,8581,Levante UD,2011-02-22 00:00:00,68,56,69,55,58,37,47
44565,8581,Levante UD,2012-02-22 00:00:00,53,63,55,61,52,47,52
44565,8581,Levante UD,2013-09-20 00:00:00,57,63,55,61,52,47,52
44565,8581,Levante UD,2014-09-19 00:00:00,57,63,55,61,52,47,52
44565,8581,Levante UD,2015-09-10 00:00:00,62,65,71,42,65,36,33
44569,8560,Real Sociedad,2010-02-22 00:00:00,40,30,50,40,70,45,30
44569,8560,Real Sociedad,2011-02-22 00:00:00,54,43,54,51,60,49,49
44569,8560,Real Sociedad,2012-02-22 00:00:00,24,36,60,52,59,48,53
44569,8560,Real Sociedad,2013-09-20 00:00:00,28,36,60,52,59,48,53
44569,8560,Real Sociedad,2014-09-19 00:00:00,35,36,60,52,59,48,53
44569,8560,Real Sociedad,2015-09-10 00:00:00,60,50,54,60,52,49,53
45330,7878,Granada CF,2011-02-22 00:00:00,53,52,54,59,55,54,49
45330,7878,Granada CF,2012-02-22 00:00:00,48,37,72,76,52,49,45
45330,7878,Granada CF,2013-09-20 00:00:00,52,37,72,76,52,49,45
45330,7878,Granada CF,2014-09-19 00:00:00,52,37,67,68,52,49,45
45330,7878,Granada CF,2015-09-10 00:00:00,57,59,61,63,51,48,45
45333,8370,Rayo Vallecano,2010-02-22 00:00:00,40,30,35,50,70,30,50
45333,8370,Rayo Vallecano,2011-02-22 00:00:00,53,55,44,56,61,58,52
45333,8370,Rayo Vallecano,2012-02-22 00:00:00,41,44,44,44,47,63,51
45333,8370,Rayo Vallecano,2013-09-20 00:00:00,45,44,44,44,47,63,51
45333,8370,Rayo Vallecano,2014-09-19 00:00:00,45,44,44,44,47,63,51
45333,8370,Rayo Vallecano,2015-09-10 00:00:00,29,44,44,44,47,54,52
46087,9910,RC Celta de Vigo,2010-02-22 00:00:00,35,30,45,45,70,35,30
46087,9910,RC Celta de Vigo,2011-02-22 00:00:00,43,44,53,45,60,40,41
46087,9910,RC Celta de Vigo,2012-02-22 00:00:00,53,62,59,68,52,42,52
46087,9910,RC Celta de Vigo,2013-09-20 00:00:00,53,62,59,68,52,42,52
46087,9910,RC Celta de Vigo,2014-09-19 00:00:00,53,62,59,68,52,42,52
46087,9910,RC Celta de Vigo,2015-09-10 00:00:00,55,38,41,48,50,55,55
46848,10268,Elche CF,2010-02-22 00:00:00,30,30,45,50,70,50,45
46848,10268,Elche CF,2011-02-22 00:00:00,43,39,52,43,46,40,39
46848,10268,Elche CF,2012-02-22 00:00:00,55,73,53,54,57,49,51
46848,10268,Elche CF,2013-09-20 00:00:00,55,73,53,54,57,49,51
46848,10268,Elche CF,2014-09-19 00:00:00,55,69,53,54,57,49,51
46848,10268,Elche CF,2015-09-10 00:00:00,51,48,53,54,57,49,51
47605,8372,SD Eibar,2014-09-19 00:00:00,62,52,60,55,64,37,56
47605,8372,SD Eibar,2015-09-10 00:00:00,62,52,59,55,52,37,56
47612,7869,Córdoba CF,2010-02-22 00:00:00,30,30,35,45,60,35,30
47612,7869,Córdoba CF,2011-02-22 00:00:00,39,41,40,42,46,40,38
47612,7869,Córdoba CF,2012-02-22 00:00:00,40,53,40,71,48,36,41
47612,7869,Córdoba CF,2013-09-20 00:00:00,40,53,40,71,48,36,41
47612,7869,Córdoba CF,2014-09-19 00:00:00,40,53,40,66,48,36,41
47612,7869,Córdoba CF,2015-09-10 00:00:00,53,48,55,59,57,38,39
48358,8306,UD Las Palmas,2010-02-22 00:00:00,30,30,45,40,70,35,45
48358,8306,UD Las Palmas,2011-02-22 00:00:00,54,56,67,61,59,48,56
48358,8306,UD Las Palmas,2012-02-22 00:00:00,48,44,53,42,53,53,39
48358,8306,UD Las Palmas,2013-09-20 00:00:00,48,44,53,42,53,53,39
48358,8306,UD Las Palmas,2014-09-19 00:00:00,48,44,53,42,53,53,39
48358,8306,UD Las Palmas,2015-09-10 00:00:00,48,44,53,42,53,53,39
49115,9956,Grasshopper Club Zürich,2010-02-22 00:00:00,30,50,55,70,55,40,60
49115,9956,Grasshopper Club Zürich,2011-02-22 00:00:00,67,53,55,66,63,43,48
49115,9956,Grasshopper Club Zürich,2012-02-22 00:00:00,50,54,52,54,46,36,43
49115,9956,Grasshopper Club Zürich,2013-09-20 00:00:00,50,54,52,54,46,36,43
49115,9956,Grasshopper Club Zürich,2014-09-19 00:00:00,50,54,52,54,46,36,43
49115,9956,Grasshopper Club Zürich,2015-09-10 00:00:00,50,54,52,54,46,36,43
49116,6493,AC Bellinzona,2010-02-22 00:00:00,40,50,55,65,55,45,50
49116,6493,AC Bellinzona,2011-02-22 00:00:00,47,54,55,38,55,32,50
49117,10192,BSC Young Boys,2010-02-22 00:00:00,55,55,55,70,60,55,55
49117,10192,BSC Young Boys,2011-02-22 00:00:00,60,57,65,69,68,48,49
49117,10192,BSC Young Boys,2012-02-22 00:00:00,52,69,39,70,46,44,34
49117,10192,BSC Young Boys,2013-09-20 00:00:00,52,69,39,70,46,44,34
49117,10192,BSC Young Boys,2014-09-19 00:00:00,52,64,39,66,46,44,34
49117,10192,BSC Young Boys,2015-09-10 00:00:00,52,64,39,66,46,44,34
49118,9931,FC Basel,2010-02-22 00:00:00,40,45,50,65,50,60,60
49118,9931,FC Basel,2011-02-22 00:00:00,46,40,51,54,49,38,53
49118,9931,FC Basel,2012-02-22 00:00:00,61,46,66,66,54,47,58
49118,9931,FC Basel,2013-09-20 00:00:00,61,46,66,66,54,47,58
49118,9931,FC Basel,2014-09-19 00:00:00,61,46,66,66,54,47,58
49118,9931,FC Basel,2015-09-10 00:00:00,61,46,66,66,54,47,58
49119,9930,FC Aarau,2010-02-22 00:00:00,60,50,60,65,55,50,55
49119,9930,FC Aarau,2014-09-19 00:00:00,52,56,54,63,64,47,44
49119,9930,FC Aarau,2015-09-10 00:00:00,47,54,54,63,64,47,44
49120,10179,FC Sion,2010-02-22 00:00:00,35,60,50,60,60,35,40
49120,10179,FC Sion,2011-02-22 00:00:00,47,56,67,56,54,41,43
49120,10179,FC Sion,2012-02-22 00:00:00,61,37,62,50,53,45,43
49120,10179,FC Sion,2013-09-20 00:00:00,61,37,62,50,53,45,43
49120,10179,FC Sion,2014-09-19 00:00:00,61,37,62,50,53,45,47
49120,10179,FC Sion,2015-09-10 00:00:00,61,37,62,50,53,45,47
49121,10199,FC Luzern,2010-02-22 00:00:00,45,60,45,70,60,40,45
49121,10199,FC Luzern,2011-02-22 00:00:00,48,57,63,34,64,56,45
49121,10199,FC Luzern,2012-02-22 00:00:00,46,48,51,53,55,48,47
49121,10199,FC Luzern,2013-09-20 00:00:00,46,48,51,53,55,48,47
49121,10199,FC Luzern,2014-09-19 00:00:00,63,51,54,40,66,48,53
49121,10199,FC Luzern,2015-09-10 00:00:00,63,51,54,40,66,48,53
49122,9824,FC Vaduz,2015-09-10 00:00:00,53,56,38,53,46,42,33
49123,7955,Neuchâtel Xamax,2010-02-22 00:00:00,60,45,60,70,60,50,45
49123,7955,Neuchâtel Xamax,2011-02-22 00:00:00,54,47,37,48,53,49,45
49123,7955,Neuchâtel Xamax,2012-02-22 00:00:00,49,50,39,48,34,34,31
49124,10243,FC Zürich,2010-02-22 00:00:00,45,60,45,70,50,50,55
49124,10243,FC Zürich,2011-02-22 00:00:00,48,56,49,61,55,54,49
49124,10243,FC Zürich,2012-02-22 00:00:00,62,46,50,50,54,47,43
49124,10243,FC Zürich,2013-09-20 00:00:00,62,46,50,50,54,47,43
49124,10243,FC Zürich,2014-09-19 00:00:00,62,46,47,50,54,47,43
49124,10243,FC Zürich,2015-09-10 00:00:00,62,46,47,50,54,47,43
49479,10190,FC St. Gallen,2010-02-22 00:00:00,35,60,35,55,55,50,55
49479,10190,FC St. Gallen,2011-02-22 00:00:00,47,55,47,54,56,49,55
49479,10190,FC St. Gallen,2013-09-20 00:00:00,52,48,39,39,37,40,41
49479,10190,FC St. Gallen,2014-09-19 00:00:00,52,48,39,39,37,40,41
49479,10190,FC St. Gallen,2015-09-10 00:00:00,52,48,39,39,37,40,36
49837,10191,FC Thun,2011-02-22 00:00:00,51,39,54,46,31,37,34
49837,10191,FC Thun,2012-02-22 00:00:00,58,35,67,32,66,47,45
49837,10191,FC Thun,2013-09-20 00:00:00,58,35,67,32,66,47,45
49837,10191,FC Thun,2014-09-19 00:00:00,58,35,64,36,66,47,45
49837,10191,FC Thun,2015-09-10 00:00:00,58,35,64,36,66,47,45
50201,9777,Servette FC,2010-02-22 00:00:00,30,55,45,70,60,55,60
50201,9777,Servette FC,2012-02-22 00:00:00,48,51,53,66,45,49,45
50201,9777,Servette FC,2013-09-20 00:00:00,48,51,53,66,45,49,45
50204,7730,FC Lausanne-Sports,2010-02-22 00:00:00,30,60,40,60,60,55,60
50204,7730,FC Lausanne-Sports,2012-02-22 00:00:00,37,49,52,60,48,43,43
50204,7730,FC Lausanne-Sports,2013-09-20 00:00:00,51,49,52,60,48,43,43
50204,7730,FC Lausanne-Sports,2014-09-19 00:00:00,37,49,52,60,52,46,44
